DAY,SYMBOL,TOTAL_FILLED_BALANCE,DAILY_PRICE,TOTAL_VALUE_IN_USD,TOTAL_USD_IN_TREASURY,COMPOSITION
2023-03-22 00:00:00.000,ETH,0.1,1743.36,174.336,174.336,1
2023-03-22 00:00:00.000,USDC,0,1,0,174.336,0
2023-03-22 00:00:00.000,WETH,0,1743.36,0,174.336,0
2023-03-23 00:00:00.000,ETH,0.14,1825.05,255.507,255.507,1
2023-03-23 00:00:00.000,USDC,0,1,0,255.507,0
2023-03-23 00:00:00.000,WETH,0,1825.05,0,255.507,0
2023-03-24 00:00:00.000,ETH,0.437,1765.28,771.42736,771.42736,1
2023-03-24 00:00:00.000,USDC,0,1.01,0,771.42736,0
2023-03-24 00:00:00.000,WETH,0,1765.28,0,771.42736,0
2023-03-25 00:00:00.000,ETH,0.437,1750.66,765.03842,765.03842,1
2023-03-25 00:00:00.000,USDC,0,1.01,0,765.03842,0
2023-03-25 00:00:00.000,WETH,0,1750.66,0,765.03842,0
2023-03-26 00:00:00.000,ETH,0.447,1780.12,795.71364,795.71364,1
2023-03-26 00:00:00.000,USDC,0,0.999827,0,795.71364,0
2023-03-26 00:00:00.000,WETH,0,1780.12,0,795.71364,0
2023-03-27 00:00:00.000,ETH,0.469,1715.79,804.70551,804.70551,1
2023-03-27 00:00:00.000,USDC,0,1,0,804.70551,0
2023-03-27 00:00:00.000,WETH,0,1715.79,0,804.70551,0
2023-03-28 00:00:00.000,ETH,0.499,1776.09,886.26891,886.26891,1
2023-03-28 00:00:00.000,USDC,0,1,0,886.26891,0
2023-03-28 00:00:00.000,WETH,0,1776.09,0,886.26891,0
2023-03-29 00:00:00.000,ETH,0.5353,1796.95,961.907335,961.907335,1
2023-03-29 00:00:00.000,USDC,0,1,0,961.907335,0
2023-03-29 00:00:00.000,WETH,0,1796.95,0,961.907335,0
2023-03-30 00:00:00.000,ETH,0.6203,1789.78,1110.200534,1110.200534,1
2023-03-30 00:00:00.000,USDC,0,1,0,1110.200534,0
2023-03-30 00:00:00.000,WETH,0,1789.78,0,1110.200534,0
2023-03-31 00:00:00.000,ETH,0.6953,1828.17,1271.126601,1271.126601,1
2023-03-31 00:00:00.000,USDC,0,1,0,1271.126601,0
2023-03-31 00:00:00.000,WETH,0,1828.17,0,1271.126601,0
2023-04-01 00:00:00.000,ETH,0.6953,1824.58,1268.630474,1268.630474,1
2023-04-01 00:00:00.000,USDC,0,1,0,1268.630474,0
2023-04-01 00:00:00.000,WETH,0,1824.58,0,1268.630474,0
2023-04-02 00:00:00.000,ETH,0.7153,1793.64,1282.990692,1282.990692,1
2023-04-02 00:00:00.000,USDC,0,1,0,1282.990692,0
2023-04-02 00:00:00.000,WETH,0,1793.64,0,1282.990692,0
2023-04-03 00:00:00.000,ETH,20.7453,1812.78,37606.664934,37606.664934,1
2023-04-03 00:00:00.000,USDC,0,1,0,37606.664934,0
2023-04-03 00:00:00.000,WETH,0,1812.78,0,37606.664934,0
2023-04-04 00:00:00.000,ETH,20.7653,1861.67,38658.136051,38658.136051,1
2023-04-04 00:00:00.000,USDC,0,1,0,38658.136051,0
2023-04-04 00:00:00.000,WETH,0,1861.67,0,38658.136051,0
2023-04-05 00:00:00.000,ETH,20.7653,1910.42,39670.444426,39670.444426,1
2023-04-05 00:00:00.000,USDC,0,1,0,39670.444426,0
2023-04-05 00:00:00.000,WETH,0,1910.42,0,39670.444426,0
2023-04-06 00:00:00.000,ETH,20.7653,1871.94,38871.395682,38871.395682,1
2023-04-06 00:00:00.000,USDC,0,0.999959,0,38871.395682,0
2023-04-06 00:00:00.000,WETH,0,1871.94,0,38871.395682,0
2023-04-07 00:00:00.000,ETH,20.7653,1867.75,38784.389075,38784.389075,1
2023-04-07 00:00:00.000,USDC,0,1,0,38784.389075,0
2023-04-07 00:00:00.000,WETH,0,1867.75,0,38784.389075,0
2023-04-08 00:00:00.000,ETH,20.7653,1856.15,38543.511595,38543.511595,1
2023-04-08 00:00:00.000,USDC,0,1,0,38543.511595,0
2023-04-08 00:00:00.000,WETH,0,1856.15,0,38543.511595,0
2023-04-09 00:00:00.000,ETH,20.7983,1862.99,38747.024917,38747.024917,1
2023-04-09 00:00:00.000,USDC,0,0.999721,0,38747.024917,0
2023-04-09 00:00:00.000,WETH,0,1862.99,0,38747.024917,0
2023-04-10 00:00:00.000,ETH,20.7983,1912.27,39771.965141,39771.965141,1
2023-04-10 00:00:00.000,USDC,0,0.998812,0,39771.965141,0
2023-04-10 00:00:00.000,WETH,0,1912.27,0,39771.965141,0
2023-04-11 00:00:00.000,ETH,20.7983,1890.31,39315.234473,39315.234473,1
2023-04-11 00:00:00.000,USDC,0,0.99948,0,39315.234473,0
2023-04-11 00:00:00.000,WETH,0,1890.31,0,39315.234473,0
2023-04-12 00:00:00.000,ETH,20.8225,1924.25,40067.695625,40067.695625,1
2023-04-12 00:00:00.000,USDC,0,0.999684,0,40067.695625,0
2023-04-12 00:00:00.000,WETH,0,1924.25,0,40067.695625,0
2023-04-13 00:00:00.000,ETH,20.8225,2004.89,41746.822025,41746.822025,1
2023-04-13 00:00:00.000,USDC,0,0.999446,0,41746.822025,0
2023-04-13 00:00:00.000,WETH,0,2004.89,0,41746.822025,0
2023-04-14 00:00:00.000,ETH,20.8225,2102.49,43779.098025,43779.098025,1
2023-04-14 00:00:00.000,USDC,0,1,0,43779.098025,0
2023-04-14 00:00:00.000,WETH,0,2102.49,0,43779.098025,0
2023-04-15 00:00:00.000,ETH,20.8225,2094.32,43608.9782,43608.9782,1
2023-04-15 00:00:00.000,USDC,0,1,0,43608.9782,0
2023-04-15 00:00:00.000,WETH,0,2094.32,0,43608.9782,0
2023-04-16 00:00:00.000,ETH,20.8225,2120.14,44146.61515,44146.61515,1
2023-04-16 00:00:00.000,USDC,0,0.999604,0,44146.61515,0
2023-04-16 00:00:00.000,WETH,0,2120.14,0,44146.61515,0
2023-04-17 00:00:00.000,ETH,20.8225,2077.31,43254.787475,43254.787475,1
2023-04-17 00:00:00.000,USDC,0,0.999458,0,43254.787475,0
2023-04-17 00:00:00.000,WETH,0,2077.31,0,43254.787475,0
2023-04-18 00:00:00.000,ETH,20.8225,2093.64,43594.8189,43594.8189,1
2023-04-18 00:00:00.000,USDC,0,0.999987,0,43594.8189,0
2023-04-18 00:00:00.000,WETH,0,2093.64,0,43594.8189,0
2023-04-19 00:00:00.000,ETH,20.8225,1946.61,40533.286725,40533.286725,1
2023-04-19 00:00:00.000,USDC,0,1,0,40533.286725,0
2023-04-19 00:00:00.000,WETH,0,1946.61,0,40533.286725,0
2023-04-20 00:00:00.000,ETH,20.8225,1944.89,40497.472025,40497.472025,1
2023-04-20 00:00:00.000,USDC,0,0.999176,0,40497.472025,0
2023-04-20 00:00:00.000,WETH,0,1944.89,0,40497.472025,0
2023-04-21 00:00:00.000,ETH,20.8225,1850.51,38532.244475,38532.244475,1
2023-04-21 00:00:00.000,USDC,0,1,0,38532.244475,0
2023-04-21 00:00:00.000,WETH,0,1850.51,0,38532.244475,0
2023-04-22 00:00:00.000,ETH,20.8225,1878.76,39120.4801,39120.4801,1
2023-04-22 00:00:00.000,USDC,0,1,0,39120.4801,0
2023-04-22 00:00:00.000,WETH,0,1878.76,0,39120.4801,0
2023-04-23 00:00:00.000,ETH,20.8225,1866.36,38862.2811,38862.2811,1
2023-04-23 00:00:00.000,USDC,0,1,0,38862.2811,0
2023-04-23 00:00:00.000,WETH,0,1866.36,0,38862.2811,0
2023-04-24 00:00:00.000,ETH,20.8225,1839.56,38304.2381,38304.2381,1
2023-04-24 00:00:00.000,USDC,0,0.999817,0,38304.2381,0
2023-04-24 00:00:00.000,WETH,0,1839.56,0,38304.2381,0
2023-04-25 00:00:00.000,ETH,20.8335,1866.36,38882.81106,38882.81106,1
2023-04-25 00:00:00.000,USDC,0,1,0,38882.81106,0
2023-04-25 00:00:00.000,WETH,0,1866.36,0,38882.81106,0
2023-04-26 00:00:00.000,ETH,20.8335,1868.55,38928.436425,38928.436425,1
2023-04-26 00:00:00.000,USDC,0,1,0,38928.436425,0
2023-04-26 00:00:00.000,WETH,0,1868.55,0,38928.436425,0
2023-04-27 00:00:00.000,ETH,20.8456,1908.71,39788.205176,39788.205176,1
2023-04-27 00:00:00.000,USDC,0,1,0,39788.205176,0
2023-04-27 00:00:00.000,WETH,0,1908.71,0,39788.205176,0
2023-04-28 00:00:00.000,ETH,20.8456,1892.75,39455.5094,39455.5094,1
2023-04-28 00:00:00.000,USDC,0,0.999734,0,39455.5094,0
2023-04-28 00:00:00.000,WETH,0,1892.75,0,39455.5094,0
2023-04-29 00:00:00.000,ETH,20.8456,1907.16,39755.894496,39755.894496,1
2023-04-29 00:00:00.000,USDC,0,1,0,39755.894496,0
2023-04-29 00:00:00.000,WETH,0,1907.16,0,39755.894496,0
2023-04-30 00:00:00.000,ETH,20.8566,1888.96,39397.283136,39397.283136,1
2023-04-30 00:00:00.000,USDC,0,1,0,39397.283136,0
2023-04-30 00:00:00.000,WETH,0,1888.96,0,39397.283136,0
2023-05-01 00:00:00.000,ETH,20.8566,1830.43,38176.546338,38176.546338,1
2023-05-01 00:00:00.000,USDC,0,1,0,38176.546338,0
2023-05-01 00:00:00.000,WETH,0,1830.43,0,38176.546338,0
2023-05-02 00:00:00.000,ETH,20.8566,1880.43,39219.376338,39219.376338,1
2023-05-02 00:00:00.000,USDC,0,0.999349,0,39219.376338,0
2023-05-02 00:00:00.000,WETH,0,1880.43,0,39219.376338,0
2023-05-03 00:00:00.000,ETH,20.8566,1907.47,39783.338802,39783.338802,1
2023-05-03 00:00:00.000,USDC,0,1,0,39783.338802,0
2023-05-03 00:00:00.000,WETH,0,1907.47,0,39783.338802,0
2023-05-04 00:00:00.000,ETH,20.8566,1877.84,39165.357744,39165.357744,1
2023-05-04 00:00:00.000,USDC,0,0.999989,0,39165.357744,0
2023-05-04 00:00:00.000,WETH,0,1877.84,0,39165.357744,0
2023-05-05 00:00:00.000,ETH,20.8566,1997.37,41658.347142,41658.347142,1
2023-05-05 00:00:00.000,USDC,0,1,0,41658.347142,0
2023-05-05 00:00:00.000,WETH,0,1997.37,0,41658.347142,0
2023-05-06 00:00:00.000,ETH,20.8566,1901.66,39662.161956,39662.161956,1
2023-05-06 00:00:00.000,USDC,0,1,0,39662.161956,0
2023-05-06 00:00:00.000,WETH,0,1901.66,0,39662.161956,0
2023-05-07 00:00:00.000,ETH,20.8566,1913.53,39909.729798,39909.729798,1
2023-05-07 00:00:00.000,USDC,0,1,0,39909.729798,0
2023-05-07 00:00:00.000,WETH,0,1913.53,0,39909.729798,0
2023-05-08 00:00:00.000,ETH,20.8566,1846.58,38513.380428,38513.380428,1
2023-05-08 00:00:00.000,USDC,0,1,0,38513.380428,0
2023-05-08 00:00:00.000,WETH,0,1846.58,0,38513.380428,0
2023-05-09 00:00:00.000,ETH,20.8566,1843.75,38454.35625,38454.35625,1
2023-05-09 00:00:00.000,USDC,0,1,0,38454.35625,0
2023-05-09 00:00:00.000,WETH,0,1843.75,0,38454.35625,0
2023-05-10 00:00:00.000,ETH,20.8566,1842.29,38423.905614,38423.905614,1
2023-05-10 00:00:00.000,USDC,0,0.999165,0,38423.905614,0
2023-05-10 00:00:00.000,WETH,0,1842.29,0,38423.905614,0
2023-05-11 00:00:00.000,ETH,20.8566,1791.46,37363.764636,37363.764636,1
2023-05-11 00:00:00.000,USDC,0,0.999404,0,37363.764636,0
2023-05-11 00:00:00.000,WETH,0,1791.46,0,37363.764636,0
2023-05-12 00:00:00.000,ETH,20.8566,1807.54,37699.138764,37699.138764,1
2023-05-12 00:00:00.000,USDC,0,1,0,37699.138764,0
2023-05-12 00:00:00.000,WETH,0,1807.54,0,37699.138764,0
2023-05-13 00:00:00.000,ETH,20.8566,1804.6,37637.82036,37637.82036,1
2023-05-13 00:00:00.000,USDC,0,1,0,37637.82036,0
2023-05-13 00:00:00.000,WETH,0,1804.6,0,37637.82036,0
2023-05-14 00:00:00.000,ETH,20.8566,1799.13,37523.734758,37523.734758,1
2023-05-14 00:00:00.000,USDC,0,1.001,0,37523.734758,0
2023-05-14 00:00:00.000,WETH,0,1799.13,0,37523.734758,0
2023-05-15 00:00:00.000,ETH,20.8666,1823.18,38043.567788,38043.567788,1
2023-05-15 00:00:00.000,USDC,0,0.999372,0,38043.567788,0
2023-05-15 00:00:00.000,WETH,0,1823.18,0,38043.567788,0
2023-05-16 00:00:00.000,ETH,20.8776,1822.02,38039.404752,38039.404752,1
2023-05-16 00:00:00.000,USDC,0,0.999543,0,38039.404752,0
2023-05-16 00:00:00.000,WETH,0,1822.02,0,38039.404752,0
2023-05-17 00:00:00.000,ETH,20.8776,1821.76,38033.976576,38033.976576,1
2023-05-17 00:00:00.000,USDC,0,1,0,38033.976576,0
2023-05-17 00:00:00.000,WETH,0,1821.76,0,38033.976576,0
2023-05-18 00:00:00.000,ETH,20.8776,1808.78,37762.985328,37762.985328,1
2023-05-18 00:00:00.000,USDC,0,1,0,37762.985328,0
2023-05-18 00:00:00.000,WETH,0,1808.78,0,37762.985328,0
2023-05-19 00:00:00.000,ETH,20.8876,1812.61,37861.072636,37861.072636,1
2023-05-19 00:00:00.000,USDC,0,0.999659,0,37861.072636,0
2023-05-19 00:00:00.000,WETH,0,1812.61,0,37861.072636,0
2023-05-20 00:00:00.000,ETH,20.8876,1818.24,37978.669824,37978.669824,1
2023-05-20 00:00:00.000,USDC,0,1,0,37978.669824,0
2023-05-20 00:00:00.000,WETH,0,1818.24,0,37978.669824,0
2023-05-21 00:00:00.000,ETH,20.8876,1806.85,37740.76006,37740.76006,1
2023-05-21 00:00:00.000,USDC,0,0.999983,0,37740.76006,0
2023-05-21 00:00:00.000,WETH,0,1806.85,0,37740.76006,0
2023-05-22 00:00:00.000,ETH,20.8976,1819.54,38024.019104,38024.019104,1
2023-05-22 00:00:00.000,USDC,0,0.999816,0,38024.019104,0
2023-05-22 00:00:00.000,WETH,0,1819.54,0,38024.019104,0
2023-05-23 00:00:00.000,ETH,20.9086,1852.6,38735.27236,38735.27236,1
2023-05-23 00:00:00.000,USDC,0,0.999467,0,38735.27236,0
2023-05-23 00:00:00.000,WETH,0,1852.6,0,38735.27236,0
2023-05-24 00:00:00.000,ETH,20.9306,1800.12,37677.591672,37677.591672,1
2023-05-24 00:00:00.000,USDC,0,0.999265,0,37677.591672,0
2023-05-24 00:00:00.000,WETH,0,1800.12,0,37677.591672,0
2023-05-25 00:00:00.000,ETH,20.9526,1809.44,37912.472544,37912.472544,1
2023-05-25 00:00:00.000,USDC,0,1.001,0,37912.472544,0
2023-05-25 00:00:00.000,WETH,0,1809.44,0,37912.472544,0
2023-05-26 00:00:00.000,ETH,20.9768,1828.34,38352.722512,38352.722512,1
2023-05-26 00:00:00.000,USDC,0,0.999474,0,38352.722512,0
2023-05-26 00:00:00.000,WETH,0,1828.34,0,38352.722512,0
2023-05-27 00:00:00.000,ETH,20.9868,1831.21,38431.238028,38431.238028,1
2023-05-27 00:00:00.000,USDC,0,0.999791,0,38431.238028,0
2023-05-27 00:00:00.000,WETH,0,1831.21,0,38431.238028,0
2023-05-28 00:00:00.000,ETH,20.9868,1910.33,40091.713644,40091.713644,1
2023-05-28 00:00:00.000,USDC,0,1,0,40091.713644,0
2023-05-28 00:00:00.000,WETH,0,1910.33,0,40091.713644,0
2023-05-29 00:00:00.000,ETH,21.0168,1894.23,39810.653064,39810.653064,1
2023-05-29 00:00:00.000,USDC,0,0.998654,0,39810.653064,0
2023-05-29 00:00:00.000,WETH,0,1894.23,0,39810.653064,0
2023-05-30 00:00:00.000,ETH,21.0468,1898.13,39949.562484,39949.562484,1
2023-05-30 00:00:00.000,USDC,0,0.998232,0,39949.562484,0
2023-05-30 00:00:00.000,WETH,0,1898.13,0,39949.562484,0
2023-05-31 00:00:00.000,ETH,21.0468,1868.46,39325.103928,39325.103928,1
2023-05-31 00:00:00.000,USDC,0,0.999622,0,39325.103928,0
2023-05-31 00:00:00.000,WETH,0,1868.46,0,39325.103928,0
2023-06-01 00:00:00.000,ETH,21.0468,1866.42,39282.168456,39282.168456,1
2023-06-01 00:00:00.000,USDC,0,1,0,39282.168456,0
2023-06-01 00:00:00.000,WETH,0,1866.42,0,39282.168456,0
2023-06-02 00:00:00.000,ETH,21.0468,1906.7,40129.93356,40129.93356,1
2023-06-02 00:00:00.000,USDC,0,0.999687,0,40129.93356,0
2023-06-02 00:00:00.000,WETH,0,1906.7,0,40129.93356,0
2023-06-03 00:00:00.000,ETH,21.0468,1890.88,39796.973184,39796.973184,1
2023-06-03 00:00:00.000,USDC,0,0.999972,0,39796.973184,0
2023-06-03 00:00:00.000,WETH,0,1890.88,0,39796.973184,0
2023-06-04 00:00:00.000,ETH,21.0468,1903.05,40053.11274,40053.11274,1
2023-06-04 00:00:00.000,USDC,0,0.99972,0,40053.11274,0
2023-06-04 00:00:00.000,WETH,0,1903.05,0,40053.11274,0
2023-06-05 00:00:00.000,ETH,21.0468,1810.37,38102.495316,38102.495316,1
2023-06-05 00:00:00.000,USDC,0,0.999649,0,38102.495316,0
2023-06-05 00:00:00.000,WETH,0,1810.37,0,38102.495316,0
2023-06-06 00:00:00.000,ETH,21.1268,1884.12,39805.426416,39805.426416,1
2023-06-06 00:00:00.000,USDC,0,1.001,0,39805.426416,0
2023-06-06 00:00:00.000,WETH,0,1884.12,0,39805.426416,0
2023-06-07 00:00:00.000,ETH,21.6631,1828.01,39600.363431,39600.363431,1
2023-06-07 00:00:00.000,USDC,0,0.999811,0,39600.363431,0
2023-06-07 00:00:00.000,WETH,0,1828.01,0,39600.363431,0
2023-06-08 00:00:00.000,ETH,21.6631,1848.6,40046.40666,40046.40666,1
2023-06-08 00:00:00.000,USDC,0,0.999047,0,40046.40666,0
2023-06-08 00:00:00.000,WETH,0,1848.6,0,40046.40666,0
2023-06-09 00:00:00.000,ETH,21.6631,1836.7,39788.61577,39788.61577,1
2023-06-09 00:00:00.000,USDC,0,0.999729,0,39788.61577,0
2023-06-09 00:00:00.000,WETH,0,1836.7,0,39788.61577,0
2023-06-10 00:00:00.000,ETH,21.6631,1753.34,37982.779754,37982.779754,1
2023-06-10 00:00:00.000,USDC,0,0.999477,0,37982.779754,0
2023-06-10 00:00:00.000,WETH,0,1753.34,0,37982.779754,0
2023-06-11 00:00:00.000,ETH,21.6631,1754.89,38016.357559,38016.357559,1
2023-06-11 00:00:00.000,USDC,0,0.999731,0,38016.357559,0
2023-06-11 00:00:00.000,WETH,0,1754.89,0,38016.357559,0
2023-06-12 00:00:00.000,ETH,21.6631,1743.05,37759.866455,37759.866455,1
2023-06-12 00:00:00.000,USDC,0,0.999793,0,37759.866455,0
2023-06-12 00:00:00.000,WETH,0,1743.05,0,37759.866455,0
2023-06-13 00:00:00.000,ETH,21.6631,1737.25,37634.220475,37634.220475,1
2023-06-13 00:00:00.000,USDC,0,1,0,37634.220475,0
2023-06-13 00:00:00.000,WETH,0,1737.25,0,37634.220475,0
2023-06-14 00:00:00.000,ETH,21.6631,1649.41,35731.333771,35731.333771,1
2023-06-14 00:00:00.000,USDC,0,1.001,0,35731.333771,0
2023-06-14 00:00:00.000,WETH,0,1649.41,0,35731.333771,0
2023-06-15 00:00:00.000,ETH,21.6631,1661.59,35995.190329,35995.190329,1
2023-06-15 00:00:00.000,USDC,0,0.999401,0,35995.190329,0
2023-06-15 00:00:00.000,WETH,0,1661.59,0,35995.190329,0
2023-06-16 00:00:00.000,ETH,21.6631,1717.8,37212.87318,37212.87318,1
2023-06-16 00:00:00.000,USDC,0,0.999859,0,37212.87318,0
2023-06-16 00:00:00.000,WETH,0,1717.8,0,37212.87318,0
2023-06-17 00:00:00.000,ETH,21.6631,1729.59,37468.281129,37468.281129,1
2023-06-17 00:00:00.000,USDC,0,1,0,37468.281129,0
2023-06-17 00:00:00.000,WETH,0,1729.59,0,37468.281129,0
2023-06-18 00:00:00.000,ETH,21.6631,1720.24,37265.731144,37265.731144,1
2023-06-18 00:00:00.000,USDC,0,0.999937,0,37265.731144,0
2023-06-18 00:00:00.000,WETH,0,1720.24,0,37265.731144,0
2023-06-19 00:00:00.000,ETH,21.6631,1734.89,37583.095559,37583.095559,1
2023-06-19 00:00:00.000,USDC,0,0.99918,0,37583.095559,0
2023-06-19 00:00:00.000,WETH,0,1734.89,0,37583.095559,0
2023-06-20 00:00:00.000,ETH,21.6631,1784.88,38666.033928,38666.033928,1
2023-06-20 00:00:00.000,USDC,0,1,0,38666.033928,0
2023-06-20 00:00:00.000,WETH,0,1784.88,0,38666.033928,0
2023-06-21 00:00:00.000,ETH,21.6631,1897.61,41108.115191,41108.115191,1
2023-06-21 00:00:00.000,USDC,0,1,0,41108.115191,0
2023-06-21 00:00:00.000,WETH,0,1897.61,0,41108.115191,0
2023-06-22 00:00:00.000,ETH,21.6631,1874.61,40609.863891,40609.863891,1
2023-06-22 00:00:00.000,USDC,0,1.001,0,40609.863891,0
2023-06-22 00:00:00.000,WETH,0,1874.61,0,40609.863891,0
2023-06-23 00:00:00.000,ETH,21.6631,1894.39,41038.360009,41038.360009,1
2023-06-23 00:00:00.000,USDC,0,1.001,0,41038.360009,0
2023-06-23 00:00:00.000,WETH,0,1894.39,0,41038.360009,0
2023-06-24 00:00:00.000,ETH,21.6631,1877.08,40663.371748,40663.371748,1
2023-06-24 00:00:00.000,USDC,0,0.999989,0,40663.371748,0
2023-06-24 00:00:00.000,WETH,0,1877.08,0,40663.371748,0
2023-06-25 00:00:00.000,ETH,21.6631,1898.77,41133.244387,41133.244387,1
2023-06-25 00:00:00.000,USDC,0,0.99884,0,41133.244387,0
2023-06-25 00:00:00.000,WETH,0,1898.77,0,41133.244387,0
2023-06-26 00:00:00.000,ETH,21.6631,1857.02,40228.809962,40228.809962,1
2023-06-26 00:00:00.000,USDC,0,1,0,40228.809962,0
2023-06-26 00:00:00.000,WETH,0,1857.02,0,40228.809962,0
2023-06-27 00:00:00.000,ETH,21.6631,1887.66,40892.567346,40892.567346,1
2023-06-27 00:00:00.000,USDC,0,0.999735,0,40892.567346,0
2023-06-27 00:00:00.000,WETH,0,1887.66,0,40892.567346,0
2023-06-28 00:00:00.000,ETH,21.6631,1834.67,39744.639677,39744.639677,1
2023-06-28 00:00:00.000,USDC,0,1.001,0,39744.639677,0
2023-06-28 00:00:00.000,WETH,0,1834.67,0,39744.639677,0
2023-06-29 00:00:00.000,ETH,21.6631,1853.25,40147.140075,40147.140075,1
2023-06-29 00:00:00.000,USDC,0,1.001,0,40147.140075,0
2023-06-29 00:00:00.000,WETH,0,1853.25,0,40147.140075,0
2023-06-30 00:00:00.000,ETH,21.6631,1934.32,41903.367592,41903.367592,1
2023-06-30 00:00:00.000,USDC,0,1,0,41903.367592,0
2023-06-30 00:00:00.000,WETH,0,1934.32,0,41903.367592,0
2023-07-01 00:00:00.000,ETH,21.6631,1922.42,41645.576702,41645.576702,1
2023-07-01 00:00:00.000,USDC,0,1,0,41645.576702,0
2023-07-01 00:00:00.000,WETH,0,1922.42,0,41645.576702,0
2023-07-02 00:00:00.000,ETH,21.6631,1935.32,41925.030692,41925.030692,1
2023-07-02 00:00:00.000,USDC,0,1.001,0,41925.030692,0
2023-07-02 00:00:00.000,WETH,0,1935.32,0,41925.030692,0
2023-07-03 00:00:00.000,ETH,21.6631,1952.69,42301.318739,42301.318739,1
2023-07-03 00:00:00.000,USDC,0,1.001,0,42301.318739,0
2023-07-03 00:00:00.000,WETH,0,1952.69,0,42301.318739,0
2023-07-04 00:00:00.000,ETH,21.6631,1940.45,42036.162395,42036.162395,1
2023-07-04 00:00:00.000,USDC,0,1.001,0,42036.162395,0
2023-07-04 00:00:00.000,WETH,0,1940.45,0,42036.162395,0
2023-07-05 00:00:00.000,ETH,21.6631,1907.68,41326.262608,41326.262608,1
2023-07-05 00:00:00.000,USDC,0,0.998944,0,41326.262608,0
2023-07-05 00:00:00.000,WETH,0,1907.68,0,41326.262608,0
2023-07-06 00:00:00.000,ETH,21.6631,1856,40206.7136,40206.7136,1
2023-07-06 00:00:00.000,USDC,0,1.002,0,40206.7136,0
2023-07-06 00:00:00.000,WETH,0,1856,0,40206.7136,0
2023-07-07 00:00:00.000,ETH,21.6631,1869.05,40489.417055,40489.417055,1
2023-07-07 00:00:00.000,USDC,0,1,0,40489.417055,0
2023-07-07 00:00:00.000,WETH,0,1869.05,0,40489.417055,0
2023-07-08 00:00:00.000,ETH,21.6631,1863.19,40362.471289,40362.471289,1
2023-07-08 00:00:00.000,USDC,0,1.001,0,40362.471289,0
2023-07-08 00:00:00.000,WETH,0,1863.19,0,40362.471289,0
2023-07-09 00:00:00.000,ETH,21.6631,1864.71,40395.399201,40395.399201,1
2023-07-09 00:00:00.000,USDC,0,1,0,40395.399201,0
2023-07-09 00:00:00.000,WETH,0,1864.71,0,40395.399201,0
2023-07-10 00:00:00.000,ETH,21.6631,1879.19,40709.080889,40709.080889,1
2023-07-10 00:00:00.000,USDC,0,0.999604,0,40709.080889,0
2023-07-10 00:00:00.000,WETH,0,1879.19,0,40709.080889,0
2023-07-11 00:00:00.000,ETH,21.6631,1877.55,40673.553405,40673.553405,1
2023-07-11 00:00:00.000,USDC,0,0.99978,0,40673.553405,0
2023-07-11 00:00:00.000,WETH,0,1877.55,0,40673.553405,0
2023-07-12 00:00:00.000,ETH,21.6961,1870.33,40578.866713,40578.866713,1
2023-07-12 00:00:00.000,USDC,0,1,0,40578.866713,0
2023-07-12 00:00:00.000,WETH,0,1870.33,0,40578.866713,0
2023-07-13 00:00:00.000,ETH,21.7101,1995.32,43318.596732,43318.596732,1
2023-07-13 00:00:00.000,USDC,0,0.999181,0,43318.596732,0
2023-07-13 00:00:00.000,WETH,0,1995.32,0,43318.596732,0
2023-07-14 00:00:00.000,ETH,21.7101,1928.97,41878.131597,41878.131597,1
2023-07-14 00:00:00.000,USDC,0,0.999804,0,41878.131597,0
2023-07-14 00:00:00.000,WETH,0,1928.97,0,41878.131597,0
2023-07-15 00:00:00.000,ETH,21.7101,1930.33,41907.657333,41907.657333,1
2023-07-15 00:00:00.000,USDC,0,1,0,41907.657333,0
2023-07-15 00:00:00.000,WETH,0,1930.33,0,41907.657333,0
2023-07-16 00:00:00.000,ETH,21.7101,1932.8,41961.28128,41961.28128,1
2023-07-16 00:00:00.000,USDC,0,0.999973,0,41961.28128,0
2023-07-16 00:00:00.000,WETH,0,1932.8,0,41961.28128,0
2023-07-17 00:00:00.000,ETH,21.7101,1912.32,41516.658432,41516.658432,1
2023-07-17 00:00:00.000,USDC,0,0.998759,0,41516.658432,0
2023-07-17 00:00:00.000,WETH,0,1912.32,0,41516.658432,0
2023-07-18 00:00:00.000,ETH,21.7101,1899.39,41235.946839,41235.946839,1
2023-07-18 00:00:00.000,USDC,0,1,0,41235.946839,0
2023-07-18 00:00:00.000,WETH,0,1899.39,0,41235.946839,0
2023-07-19 00:00:00.000,ETH,21.7101,1888.9,41008.20789,41008.20789,1
2023-07-19 00:00:00.000,USDC,0,1,0,41008.20789,0
2023-07-19 00:00:00.000,WETH,0,1888.9,0,41008.20789,0
2023-07-20 00:00:00.000,ETH,21.7101,1893.41,41106.120441,41106.120441,1
2023-07-20 00:00:00.000,USDC,0,1,0,41106.120441,0
2023-07-20 00:00:00.000,WETH,0,1893.41,0,41106.120441,0
2023-07-21 00:00:00.000,ETH,21.7101,1893.16,41100.692916,41100.692916,1
2023-07-21 00:00:00.000,USDC,0,1,0,41100.692916,0
2023-07-21 00:00:00.000,WETH,0,1893.16,0,41100.692916,0
2023-07-22 00:00:00.000,ETH,21.7201,1875.07,40726.707907,40726.707907,1
2023-07-22 00:00:00.000,USDC,0,1,0,40726.707907,0
2023-07-22 00:00:00.000,WETH,0,1875.07,0,40726.707907,0
2023-07-23 00:00:00.000,ETH,21.7201,1886.65,40978.226665,40978.226665,1
2023-07-23 00:00:00.000,USDC,0,1,0,40978.226665,0
2023-07-23 00:00:00.000,WETH,0,1886.65,0,40978.226665,0
2023-07-24 00:00:00.000,ETH,21.7201,1849.19,40164.591719,40164.591719,1
2023-07-24 00:00:00.000,USDC,0,0.999874,0,40164.591719,0
2023-07-24 00:00:00.000,WETH,0,1849.19,0,40164.591719,0
2023-07-25 00:00:00.000,ETH,21.7201,1858.14,40358.986614,40358.986614,1
2023-07-25 00:00:00.000,USDC,0,1.001,0,40358.986614,0
2023-07-25 00:00:00.000,WETH,0,1858.14,0,40358.986614,0
2023-07-26 00:00:00.000,ETH,21.7201,1874.21,40708.028621,40708.028621,1
2023-07-26 00:00:00.000,USDC,0,1.001,0,40708.028621,0
2023-07-26 00:00:00.000,WETH,0,1874.21,0,40708.028621,0
2023-07-27 00:00:00.000,ETH,15.7201,1858.02,29208.260202,29208.260202,1
2023-07-27 00:00:00.000,USDC,0,0.999838,0,29208.260202,0
2023-07-27 00:00:00.000,WETH,0,1858.02,0,29208.260202,0
2023-07-28 00:00:00.000,ETH,15.7201,1875.83,29488.235183,29488.235183,1
2023-07-28 00:00:00.000,USDC,0,1.000165583,0,29488.235183,0
2023-07-28 00:00:00.000,WETH,0,1875.83,0,29488.235183,0
2023-07-29 00:00:00.000,ETH,15.7201,1880.847798019,29567.115469638,29567.115469638,1
2023-07-29 00:00:00.000,USDC,0,1,0,29567.115469638,0
2023-07-29 00:00:00.000,WETH,0,1880.847798019,0,29567.115469638,0
2023-07-30 00:00:00.000,ETH,15.7201,1860.12,29241.272412,29241.272412,1
2023-07-30 00:00:00.000,USDC,0,1.001,0,29241.272412,0
2023-07-30 00:00:00.000,WETH,0,1860.12,0,29241.272412,0
2023-07-31 00:00:00.000,ETH,16.7101,1855.85,31011.439085,31282.09862,0.9913477821
2023-07-31 00:00:00.000,USDC,270.659535,1,270.659535,31282.09862,0.008652217944
2023-07-31 00:00:00.000,WETH,0,1855.85,0,31282.09862,0
2023-08-01 00:00:00.000,ETH,16.7211,1860.22,31104.924642,31376.12549607,0.9913564581
2023-08-01 00:00:00.000,USDC,270.659535,1.002,271.20085407,31376.12549607,0.008643541858
2023-08-01 00:00:00.000,WETH,0,1860.22,0,31376.12549607,0
2023-08-02 00:00:00.000,ETH,16.7358,1837.97,30759.898326,31030.302358399,0.9912858074
2023-08-02 00:00:00.000,USDC,270.659535,0.999056,270.404032399,31030.302358399,0.008714192639
2023-08-02 00:00:00.000,WETH,0,1837.97,0,31030.302358399,0
2023-08-03 00:00:00.000,ETH,16.7458,1838.14,30781.124812,31051.616538088,0.9912889648
2023-08-03 00:00:00.000,USDC,270.659535,0.99938,270.491726088,31051.616538088,0.008711035245
2023-08-03 00:00:00.000,WETH,0,1838.14,0,31051.616538088,0
2023-08-04 00:00:00.000,ETH,16.75911,1824.25,30572.8064175,30843.459186012,0.9912249542
2023-08-04 00:00:00.000,USDC,270.659535,0.999975,270.652768512,30843.459186012,0.008775045849
2023-08-04 00:00:00.000,WETH,0,1824.25,0,30843.459186012,0
2023-08-05 00:00:00.000,ETH,16.76911,1835.23,30775.1737453,31045.8332803,0.9912819369
2023-08-05 00:00:00.000,USDC,270.659535,1,270.659535,31045.8332803,0.008718063147
2023-08-05 00:00:00.000,WETH,0,1835.23,0,31045.8332803,0
2023-08-06 00:00:00.000,ETH,16.77911,1825.86,30636.3057846,30906.9653196,0.9912427658
2023-08-06 00:00:00.000,USDC,270.659535,1,270.659535,30906.9653196,0.008757234242
2023-08-06 00:00:00.000,WETH,0,1825.86,0,30906.9653196,0
2023-08-07 00:00:00.000,ETH,16.80911,1824.25,30664.0189175,30934.555302412,0.9912545572
2023-08-07 00:00:00.000,USDC,270.659535,0.999545,270.536384912,30934.555302412,0.008745442831
2023-08-07 00:00:00.000,WETH,0,1824.25,0,30934.555302412,0
2023-08-08 00:00:00.000,ETH,16.82605,1857.68,31257.416564,31528.076099,0.9914152854
2023-08-08 00:00:00.000,USDC,270.659535,1,270.659535,31528.076099,0.008584714594
2023-08-08 00:00:00.000,WETH,0,1857.68,0,31528.076099,0
2023-08-09 00:00:00.000,ETH,16.82605,1855.3,31217.370565,31487.924272122,0.9914076995
2023-08-09 00:00:00.000,USDC,270.659535,0.999609,270.553707122,31487.924272122,0.008592300489
2023-08-09 00:00:00.000,WETH,0,1855.3,0,31487.924272122,0
2023-08-10 00:00:00.000,ETH,16.82605,1848.84,31108.674282,31379.333817,0.9913745927
2023-08-10 00:00:00.000,USDC,270.659535,1,270.659535,31379.333817,0.008625407301
2023-08-10 00:00:00.000,WETH,0,1848.84,0,31379.333817,0
2023-08-11 00:00:00.000,ETH,16.84605,1846.09,31099.3244445,31369.9839795,0.9913720219
2023-08-11 00:00:00.000,USDC,270.659535,1,270.659535,31369.9839795,0.008627978107
2023-08-11 00:00:00.000,WETH,0,1846.09,0,31369.9839795,0
2023-08-12 00:00:00.000,ETH,16.86079,1848.19,31161.9434701,31432.578375082,0.9913899871
2023-08-12 00:00:00.000,USDC,270.659535,0.999909,270.634904982,31432.578375082,0.00861001289
2023-08-12 00:00:00.000,WETH,0,1848.19,0,31432.578375082,0
2023-08-13 00:00:00.000,ETH,16.87179,1839.09,31028.7402711,31299.326998685,0.9913548707
2023-08-13 00:00:00.000,USDC,270.659535,0.999731,270.586727585,31299.326998685,0.008645129258
2023-08-13 00:00:00.000,WETH,0,1839.09,0,31299.326998685,0
2023-08-14 00:00:00.000,ETH,16.88409,1843.37,31123.6249833,31394.266654771,0.9913792644
2023-08-14 00:00:00.000,USDC,270.659535,0.999934,270.641671471,31394.266654771,0.008620735577
2023-08-14 00:00:00.000,WETH,0,1843.37,0,31394.266654771,0
2023-08-15 00:00:00.000,ETH,16.88409,1829.72,30893.1571548,31164.087349335,0.9913063331
2023-08-15 00:00:00.000,USDC,270.659535,1.001,270.930194535,31164.087349335,0.008693666896
2023-08-15 00:00:00.000,WETH,0,1829.72,0,31164.087349335,0
2023-08-16 00:00:00.000,ETH,16.88409,1807.66,30520.6941294,30791.624323935,0.9912011724
2023-08-16 00:00:00.000,USDC,270.659535,1.001,270.930194535,30791.624323935,0.008798827619
2023-08-16 00:00:00.000,WETH,0,1807.66,0,30791.624323935,0
2023-08-17 00:00:00.000,ETH,16.90409,1702.08,28772.1135072,29044.126339875,0.9906344977
2023-08-17 00:00:00.000,USDC,270.659535,1.005,272.012832675,29044.126339875,0.009365502322
2023-08-17 00:00:00.000,WETH,0,1702.08,0,29044.126339875,0
2023-08-18 00:00:00.000,ETH,16.90409,1661.74,28090.2025166,28361.132711135,0.9904471307
2023-08-18 00:00:00.000,USDC,270.659535,1.001,270.930194535,28361.132711135,0.009552869319
2023-08-18 00:00:00.000,WETH,0,1661.74,0,28361.132711135,0
2023-08-19 00:00:00.000,ETH,16.91509,1668.97,28230.7777573,28501.418075473,0.990504321
2023-08-19 00:00:00.000,USDC,270.659535,0.999929,270.640318173,28501.418075473,0.009495679038
2023-08-19 00:00:00.000,WETH,0,1668.97,0,28501.418075473,0
2023-08-20 00:00:00.000,ETH,16.91509,1681.68,28445.7685512,28716.4280862,0.9905747493
2023-08-20 00:00:00.000,USDC,270.659535,1,270.659535,28716.4280862,0.009425250738
2023-08-20 00:00:00.000,WETH,0,1681.68,0,28716.4280862,0
2023-08-21 00:00:00.000,ETH,16.91509,1666.23,28184.4304107,28455.0899457,0.9904881856
2023-08-21 00:00:00.000,USDC,270.659535,1,270.659535,28455.0899457,0.009511814425
2023-08-21 00:00:00.000,WETH,0,1666.23,0,28455.0899457,0
2023-08-22 00:00:00.000,ETH,16.91509,1632.05,27606.2726345,27877.744148105,0.9902620703
2023-08-22 00:00:00.000,USDC,270.659535,1.003,271.471513605,27877.744148105,0.009737929732
2023-08-22 00:00:00.000,WETH,0,1632.05,0,27877.744148105,0
2023-08-23 00:00:00.000,ETH,16.91509,1678.57,28393.1626213,28663.63594254,0.9905638865
2023-08-23 00:00:00.000,USDC,270.659535,0.999312,270.47332124,28663.63594254,0.009436113471
2023-08-23 00:00:00.000,WETH,0,1678.57,0,28663.63594254,0
2023-08-24 00:00:00.000,ETH,16.92719,1653.6,27990.801384,28261.460919,0.9904230169
2023-08-24 00:00:00.000,USDC,270.659535,1,270.659535,28261.460919,0.009576983149
2023-08-24 00:00:00.000,WETH,0,1653.6,0,28261.460919,0
2023-08-25 00:00:00.000,ETH,16.92719,1652.35,27969.6423965,28240.271076313,0.9904169234
2023-08-25 00:00:00.000,USDC,270.659535,0.999886,270.628679813,28240.271076313,0.00958307656
2023-08-25 00:00:00.000,WETH,0,1652.35,0,28240.271076313,0
2023-08-26 00:00:00.000,ETH,16.94056,1644.24,27854.3463744,28124.977219489,0.9903775622
2023-08-26 00:00:00.000,USDC,270.659535,0.999894,270.630845089,28124.977219489,0.009622437842
2023-08-26 00:00:00.000,WETH,0,1644.24,0,28124.977219489,0
2023-08-27 00:00:00.000,ETH,16.95266,1658.84,28121.7505144,28392.4100494,0.990467187
2023-08-27 00:00:00.000,USDC,270.659535,1,270.659535,28392.4100494,0.009532812978
2023-08-27 00:00:00.000,WETH,0,1658.84,0,28392.4100494,0
2023-08-28 00:00:00.000,ETH,16.95266,1653.45,28030.375677,28300.950495566,0.9904393735
2023-08-28 00:00:00.000,USDC,270.659535,0.999687,270.574818566,28300.950495566,0.009560626545
2023-08-28 00:00:00.000,WETH,0,1653.45,0,28300.950495566,0
2023-08-29 00:00:00.000,ETH,16.96266,1723.86,29241.2510676,29511.878664775,0.9908298756
2023-08-29 00:00:00.000,USDC,270.659535,0.999882,270.627597175,29511.878664775,0.009170124351
2023-08-29 00:00:00.000,WETH,0,1723.86,0,29511.878664775,0
2023-08-30 00:00:00.000,ETH,16.62366,1706.81,28373.4291246,28644.0886596,0.9905509462
2023-08-30 00:00:00.000,USDC,270.659535,1,270.659535,28644.0886596,0.009449053807
2023-08-30 00:00:00.000,WETH,0,1706.81,0,28644.0886596,0
2023-08-31 00:00:00.000,ETH,16.62366,1648.71,27407.5944786,27677.962513281,0.9902316497
2023-08-31 00:00:00.000,USDC,270.659535,0.998923,270.368034681,27677.962513281,0.009768350346
2023-08-31 00:00:00.000,WETH,0,1648.71,0,27677.962513281,0
2023-09-01 00:00:00.000,ETH,16.62366,1627.05,27047.526003,27318.456197535,0.9900825218
2023-09-01 00:00:00.000,USDC,270.659535,1.001,270.930194535,27318.456197535,0.009917478227
2023-09-01 00:00:00.000,WETH,0,1627.05,0,27318.456197535,0
2023-09-02 00:00:00.000,ETH,16.62366,1640.76,27275.4363816,27546.366576135,0.990164576
2023-09-02 00:00:00.000,USDC,270.659535,1.001,270.930194535,27546.366576135,0.009835423985
2023-09-02 00:00:00.000,WETH,0,1640.76,0,27546.366576135,0
2023-09-03 00:00:00.000,ETH,16.62366,1637.54,27221.9081964,27492.5677314,0.9901551744
2023-09-03 00:00:00.000,USDC,270.659535,1,270.659535,27492.5677314,0.009844825614
2023-09-03 00:00:00.000,WETH,0,1637.54,0,27492.5677314,0
2023-09-04 00:00:00.000,ETH,16.62366,1625.97,27029.5724502,27300.125886662,0.9900896634
2023-09-04 00:00:00.000,USDC,270.659535,0.999608,270.553436462,27300.125886662,0.009910336589
2023-09-04 00:00:00.000,WETH,0,1625.97,0,27300.125886662,0
2023-09-05 00:00:00.000,ETH,16.62366,1630.22,27100.2230052,27370.848166439,0.9901126498
2023-09-05 00:00:00.000,USDC,270.659535,0.999873,270.625161239,27370.848166439,0.009887350205
2023-09-05 00:00:00.000,WETH,0,1630.22,0,27370.848166439,0
2023-09-06 00:00:00.000,ETH,16.62366,1632.14,27132.1404324,27402.7999674,0.9901229241
2023-09-06 00:00:00.000,USDC,270.659535,1,270.659535,27402.7999674,0.009877075895
2023-09-06 00:00:00.000,WETH,0,1632.14,0,27402.7999674,0
2023-09-07 00:00:00.000,ETH,16.63366,1644.56,27355.0518896,27625.380407989,0.990214487
2023-09-07 00:00:00.000,USDC,270.659535,0.998777,270.328518389,27625.380407989,0.009785512974
2023-09-07 00:00:00.000,WETH,0,1644.56,0,27625.380407989,0
2023-09-08 00:00:00.000,ETH,16.63366,1637.5,27237.61825,27508.277785,0.9901607968
2023-09-08 00:00:00.000,USDC,270.659535,1,270.659535,27508.277785,0.009839203207
2023-09-08 00:00:00.000,WETH,0,1637.5,0,27508.277785,0
2023-09-09 00:00:00.000,ETH,16.63366,1634.71,27191.2103386,27461.867978983,0.9901442378
2023-09-09 00:00:00.000,USDC,270.659535,0.999993,270.657640383,27461.867978983,0.009855762201
2023-09-09 00:00:00.000,WETH,0,1634.71,0,27461.867978983,0
2023-09-10 00:00:00.000,ETH,16.63366,1617.57,26906.1094062,27176.738086013,0.9900418998
2023-09-10 00:00:00.000,USDC,270.659535,0.999886,270.628679813,27176.738086013,0.009958100157
2023-09-10 00:00:00.000,WETH,0,1617.57,0,27176.738086013,0
2023-09-11 00:00:00.000,ETH,16.63366,1548.92,25764.2086472,26034.830289865,0.9896054002
2023-09-11 00:00:00.000,USDC,270.659535,0.99986,270.621642665,26034.830289865,0.01039459984
2023-09-11 00:00:00.000,WETH,0,1548.92,0,26034.830289865,0
2023-09-12 00:00:00.000,ETH,16.63366,1593.26,26501.7451316,26772.675326135,0.9898803466
2023-09-12 00:00:00.000,USDC,270.659535,1.001,270.930194535,26772.675326135,0.01011965339
2023-09-12 00:00:00.000,WETH,0,1593.26,0,26772.675326135,0
2023-09-13 00:00:00.000,ETH,16.63366,1605.5,26705.34113,26975.770604395,0.9899750973
2023-09-13 00:00:00.000,USDC,270.659535,0.99915,270.429474395,26975.770604395,0.01002490266
2023-09-13 00:00:00.000,WETH,0,1605.5,0,26975.770604395,0
2023-09-14 00:00:00.000,ETH,16.63366,1627.98,27079.2658068,27349.87283385,0.99010573
2023-09-14 00:00:00.000,USDC,270.659535,0.999806,270.60702705,27349.87283385,0.009894270028
2023-09-14 00:00:00.000,WETH,0,1627.98,0,27349.87283385,0
2023-09-15 00:00:00.000,ETH,16.63366,1644.6,27355.717236,27626.91809007,0.9901834561
2023-09-15 00:00:00.000,USDC,270.659535,1.002,271.20085407,27626.91809007,0.009816543893
2023-09-15 00:00:00.000,WETH,0,1644.6,0,27626.91809007,0
2023-09-16 00:00:00.000,ETH,16.63366,1634.08,27180.7311328,27451.248030225,0.990145552
2023-09-16 00:00:00.000,USDC,270.659535,0.999473,270.516897425,27451.248030225,0.009854448043
2023-09-16 00:00:00.000,WETH,0,1634.08,0,27451.248030225,0
2023-09-17 00:00:00.000,ETH,16.63366,1617.99,26913.0955434,27183.733696297,0.990044114
2023-09-17 00:00:00.000,USDC,270.659535,0.999921,270.638152897,27183.733696297,0.009955885969
2023-09-17 00:00:00.000,WETH,0,1617.99,0,27183.733696297,0
2023-09-18 00:00:00.000,ETH,16.63366,1636.96,27228.6360736,27499.165962683,0.9901622511
2023-09-18 00:00:00.000,USDC,270.659535,0.999521,270.529889083,27499.165962683,0.009837748878
2023-09-18 00:00:00.000,WETH,0,1636.96,0,27499.165962683,0
2023-09-19 00:00:00.000,ETH,16.63366,1641.89,27310.6400174,27581.238112686,0.9901890519
2023-09-19 00:00:00.000,USDC,270.659535,0.999773,270.598095286,27581.238112686,0.009810948087
2023-09-19 00:00:00.000,WETH,0,1641.89,0,27581.238112686,0
2023-09-20 00:00:00.000,ETH,16.63366,1621.88,26977.8004808,27248.4600158,0.9900669787
2023-09-20 00:00:00.000,USDC,270.659535,1,270.659535,27248.4600158,0.009933021347
2023-09-20 00:00:00.000,WETH,0,1621.88,0,27248.4600158,0
2023-09-21 00:00:00.000,ETH,16.64366,1584.91,26378.7031706,26649.271763996,0.9898470549
2023-09-21 00:00:00.000,USDC,270.659535,0.999664,270.568593396,26649.271763996,0.01015294511
2023-09-21 00:00:00.000,WETH,0,1584.91,0,26649.271763996,0
2023-09-22 00:00:00.000,ETH,16.64366,1594.24,26533.9885184,26804.918712935,0.9898925195
2023-09-22 00:00:00.000,USDC,270.659535,1.001,270.930194535,26804.918712935,0.01010748055
2023-09-22 00:00:00.000,WETH,0,1594.24,0,26804.918712935,0
2023-09-23 00:00:00.000,ETH,16.64366,1593.35,26519.175661,26789.819768407,0.9898975017
2023-09-23 00:00:00.000,USDC,270.659535,0.999943,270.644107407,26789.819768407,0.01010249825
2023-09-23 00:00:00.000,WETH,0,1593.35,0,26789.819768407,0
2023-09-24 00:00:00.000,ETH,16.64366,1584.7,26375.208002,26645.616364952,0.9898516754
2023-09-24 00:00:00.000,USDC,270.659535,0.999072,270.408362952,26645.616364952,0.01014832456
2023-09-24 00:00:00.000,WETH,0,1584.7,0,26645.616364952,0
2023-09-25 00:00:00.000,ETH,16.64366,1585.56,26389.5215496,26660.166198326,0.989848351
2023-09-25 00:00:00.000,USDC,270.659535,0.999945,270.644648726,26660.166198326,0.01015164897
2023-09-25 00:00:00.000,WETH,0,1585.56,0,26660.166198326,0
2023-09-26 00:00:00.000,ETH,16.64366,1589,26446.77574,26717.435275,0.989869554
2023-09-26 00:00:00.000,USDC,270.659535,1,270.659535,26717.435275,0.01013044599
2023-09-26 00:00:00.000,WETH,0,1589,0,26717.435275,0
2023-09-27 00:00:00.000,ETH,16.64366,1593.92,26528.6625472,26799.278776674,0.9899021077
2023-09-27 00:00:00.000,USDC,270.659535,0.99984,270.616229474,26799.278776674,0.01009789225
2023-09-27 00:00:00.000,WETH,0,1593.92,0,26799.278776674,0
2023-09-28 00:00:00.000,ETH,16.64366,1651.76,27491.3318416,27761.968641199,0.9902515271
2023-09-28 00:00:00.000,USDC,270.659535,0.999916,270.636799599,27761.968641199,0.009748472923
2023-09-28 00:00:00.000,WETH,0,1651.76,0,27761.968641199,0
2023-09-29 00:00:00.000,ETH,16.64366,1666.88,27742.9839808,28013.914175335,0.9903287276
2023-09-29 00:00:00.000,USDC,270.659535,1.001,270.930194535,28013.914175335,0.009671272384
2023-09-29 00:00:00.000,WETH,0,1666.88,0,28013.914175335,0
2023-09-30 00:00:00.000,ETH,16.64366,1672.08,27829.5310128,28100.149407551,0.9903695033
2023-09-30 00:00:00.000,USDC,270.659535,0.999848,270.618394751,28100.149407551,0.009630496651
2023-09-30 00:00:00.000,WETH,0,1672.08,0,28100.149407551,0
2023-10-01 00:00:00.000,ETH,16.64366,1723.94,28692.6712204,28963.601414935,0.9906458389
2023-10-01 00:00:00.000,USDC,270.659535,1.001,270.930194535,28963.601414935,0.00935416113
2023-10-01 00:00:00.000,WETH,0,1723.94,0,28963.601414935,0
2023-10-02 00:00:00.000,ETH,16.64366,1653.37,27518.1281342,27788.7294774,0.9902621909
2023-10-02 00:00:00.000,USDC,270.659535,0.999785,270.6013432,27788.7294774,0.009737809115
2023-10-02 00:00:00.000,WETH,0,1653.37,0,27788.7294774,0
2023-10-03 00:00:00.000,ETH,16.64366,1656.56,27571.2214096,27841.8809446,0.9902786907
2023-10-03 00:00:00.000,USDC,270.659535,1,270.659535,27841.8809446,0.009721309258
2023-10-03 00:00:00.000,WETH,0,1656.56,0,27841.8809446,0
2023-10-04 00:00:00.000,ETH,16.65366,1648.82,27458.8876812,27729.433809855,0.9902433591
2023-10-04 00:00:00.000,USDC,270.659535,0.999581,270.546128655,27729.433809855,0.009756640922
2023-10-04 00:00:00.000,WETH,0,1648.82,0,27729.433809855,0
2023-10-05 00:00:00.000,ETH,16.65366,1616.11,26914.1464626,27184.77135318,0.9900449819
2023-10-05 00:00:00.000,USDC,270.659535,0.999872,270.62489058,27184.77135318,0.009955018089
2023-10-05 00:00:00.000,WETH,0,1616.11,0,27184.77135318,0
2023-10-06 00:00:00.000,ETH,16.65366,1643.18,27364.9610388,27635.604604887,0.9902067073
2023-10-06 00:00:00.000,USDC,270.659535,0.999941,270.643566087,27635.604604887,0.009793292745
2023-10-06 00:00:00.000,WETH,0,1643.18,0,27635.604604887,0
2023-10-07 00:00:00.000,ETH,16.66366,1634.21,27231.9198086,27502.5793436,0.9901587581
2023-10-07 00:00:00.000,USDC,270.659535,1,270.659535,27502.5793436,0.009841241857
2023-10-07 00:00:00.000,WETH,0,1634.21,0,27502.5793436,0
2023-10-08 00:00:00.000,ETH,16.66366,1630.31,27166.9315346,27437.454657194,0.990140371
2023-10-08 00:00:00.000,USDC,270.659535,0.999496,270.523122594,27437.454657194,0.009859628962
2023-10-08 00:00:00.000,WETH,0,1630.31,0,27437.454657194,0
2023-10-09 00:00:00.000,ETH,16.66366,1579.32,26317.2515112,26587.793038643,0.9898245963
2023-10-09 00:00:00.000,USDC,270.659535,0.999564,270.541527443,26587.793038643,0.01017540369
2023-10-09 00:00:00.000,WETH,0,1579.32,0,26587.793038643,0
2023-10-10 00:00:00.000,ETH,16.66366,1566.22,26098.9575652,26369.539420913,0.9897388479
2023-10-10 00:00:00.000,USDC,270.659535,0.999713,270.581855713,26369.539420913,0.01026115213
2023-10-10 00:00:00.000,WETH,0,1566.22,0,26369.539420913,0
2023-10-11 00:00:00.000,ETH,16.66366,1558.96,25977.9793936,26248.909588135,0.989678421
2023-10-11 00:00:00.000,USDC,270.659535,1.001,270.930194535,26248.909588135,0.01032157902
2023-10-11 00:00:00.000,WETH,0,1558.96,0,26248.909588135,0
2023-10-12 00:00:00.000,ETH,16.66366,1534.48,25570.0529968,25840.7125318,0.9895258486
2023-10-12 00:00:00.000,USDC,270.659535,1,270.659535,25840.7125318,0.01047415139
2023-10-12 00:00:00.000,WETH,0,1534.48,0,25840.7125318,0
2023-10-13 00:00:00.000,ETH,16.66366,1548.88,25810.0097008,26080.939895335,0.9896119467
2023-10-13 00:00:00.000,USDC,270.659535,1.001,270.930194535,26080.939895335,0.01038805333
2023-10-13 00:00:00.000,WETH,0,1548.88,0,26080.939895335,0
2023-10-14 00:00:00.000,ETH,16.66366,1555.89,25926.8219574,26197.4814924,0.9896684903
2023-10-14 00:00:00.000,USDC,270.659535,1,270.659535,26197.4814924,0.01033150973
2023-10-14 00:00:00.000,WETH,0,1555.89,0,26197.4814924,0
2023-10-15 00:00:00.000,ETH,16.66366,1552.8,25875.331248,26145.990783,0.9896481439
2023-10-15 00:00:00.000,USDC,270.659535,1,270.659535,26145.990783,0.01035185613
2023-10-15 00:00:00.000,WETH,0,1552.8,0,26145.990783,0
2023-10-16 00:00:00.000,ETH,16.66366,1591.98,26528.2134468,26798.458602052,0.9899156456
2023-10-16 00:00:00.000,USDC,270.659535,0.998469,270.245155252,26798.458602052,0.01008435445
2023-10-16 00:00:00.000,WETH,0,1591.98,0,26798.458602052,0
2023-10-17 00:00:00.000,ETH,16.67466,1563.24,26066.4954984,26337.150702847,0.989723444
2023-10-17 00:00:00.000,USDC,270.659535,0.999984,270.655204447,26337.150702847,0.01027655601
2023-10-17 00:00:00.000,WETH,0,1563.24,0,26337.150702847,0
2023-10-18 00:00:00.000,ETH,16.68466,1560.46,26035.7445436,26306.4040786,0.9897112682
2023-10-18 00:00:00.000,USDC,270.659535,1,270.659535,26306.4040786,0.01028873175
2023-10-18 00:00:00.000,WETH,0,1560.46,0,26306.4040786,0
2023-10-19 00:00:00.000,ETH,16.68466,1562.93,26076.9556538,26347.544817321,0.9897300046
2023-10-19 00:00:00.000,USDC,270.659535,0.99974,270.589163521,26347.544817321,0.01026999538
2023-10-19 00:00:00.000,WETH,0,1562.93,0,26347.544817321,0
2023-10-20 00:00:00.000,ETH,16.69466,1606.07,26812.7925862,27083.4521212,0.990006461
2023-10-20 00:00:00.000,USDC,270.659535,1,270.659535,27083.4521212,0.009993538999
2023-10-20 00:00:00.000,WETH,0,1606.07,0,27083.4521212,0
2023-10-21 00:00:00.000,ETH,16.69466,1628.15,27181.410679,27452.070214,0.9901406512
2023-10-21 00:00:00.000,USDC,270.659535,1,270.659535,27452.070214,0.009859348781
2023-10-21 00:00:00.000,WETH,0,1628.15,0,27452.070214,0
2023-10-22 00:00:00.000,ETH,16.69466,1660.86,27727.4930076,27998.099763991,0.9903348171
2023-10-22 00:00:00.000,USDC,270.659535,0.999805,270.606756391,27998.099763991,0.009665182947
2023-10-22 00:00:00.000,WETH,0,1660.86,0,27998.099763991,0
2023-10-23 00:00:00.000,ETH,16.69466,1768.92,29531.5179672,29801.840260419,0.9909293423
2023-10-23 00:00:00.000,USDC,270.659535,0.998754,270.322293219,29801.840260419,0.009070657747
2023-10-23 00:00:00.000,WETH,0,1768.92,0,29801.840260419,0
2023-10-24 00:00:00.000,ETH,16.69466,1785.27,29804.4756582,30075.1351932,0.9910005547
2023-10-24 00:00:00.000,USDC,270.659535,1,270.659535,30075.1351932,0.008999445331
2023-10-24 00:00:00.000,WETH,0,1785.27,0,30075.1351932,0
2023-10-25 00:00:00.000,ETH,16.69466,1784.67,29794.4588622,30065.1183972,0.9909975563
2023-10-25 00:00:00.000,USDC,270.659535,1,270.659535,30065.1183972,0.009002443677
2023-10-25 00:00:00.000,WETH,0,1784.67,0,30065.1183972,0
2023-10-26 00:00:00.000,ETH,16.03466,1808.57,28999.8050362,29270.453744819,0.9907535185
2023-10-26 00:00:00.000,USDC,270.659535,0.99996,270.648708619,29270.453744819,0.009246481485
2023-10-26 00:00:00.000,WETH,0,1808.57,0,29270.453744819,0
2023-10-27 00:00:00.000,ETH,16.03466,1778.96,28525.0187536,28795.6782886,0.990600689
2023-10-27 00:00:00.000,USDC,270.659535,1,270.659535,28795.6782886,0.009399310976
2023-10-27 00:00:00.000,WETH,0,1778.96,0,28795.6782886,0
2023-10-28 00:00:00.000,ETH,16.03466,1774.57,28454.6265962,28725.264749097,0.9905783931
2023-10-28 00:00:00.000,USDC,270.659535,0.999921,270.638152897,28725.264749097,0.009421606912
2023-10-28 00:00:00.000,WETH,0,1774.57,0,28725.264749097,0
2023-10-29 00:00:00.000,ETH,16.03466,1801.56,28887.4020696,29157.932770661,0.9907218834
2023-10-29 00:00:00.000,USDC,270.659535,0.999524,270.530701061,29157.932770661,0.009278116634
2023-10-29 00:00:00.000,WETH,0,1801.56,0,29157.932770661,0
2023-10-30 00:00:00.000,ETH,16.03466,1810.2,29025.941532,29296.601067,0.9907614015
2023-10-30 00:00:00.000,USDC,270.659535,1,270.659535,29296.601067,0.009238598511
2023-10-30 00:00:00.000,WETH,0,1810.2,0,29296.601067,0
2023-10-31 00:00:00.000,ETH,16.03466,1808.89,29004.9361274,29275.538553238,0.9907567055
2023-10-31 00:00:00.000,USDC,270.659535,0.999789,270.602425838,29275.538553238,0.009243294546
2023-10-31 00:00:00.000,WETH,0,1808.89,0,29275.538553238,0
2023-11-01 00:00:00.000,ETH,16.03466,1843.41,29558.4525906,29829.382785135,0.9909173382
2023-11-01 00:00:00.000,USDC,270.659535,1.001,270.930194535,29829.382785135,0.009082661766
2023-11-01 00:00:00.000,WETH,0,1843.41,0,29829.382785135,0
2023-11-02 00:00:00.000,ETH,16.03466,1799.07,28847.4757662,29118.405960735,0.9906955692
2023-11-02 00:00:00.000,USDC,270.659535,1.001,270.930194535,29118.405960735,0.009304430844
2023-11-02 00:00:00.000,WETH,0,1799.07,0,29118.405960735,0
2023-11-03 00:00:00.000,ETH,16.03466,1830.21,29346.7950786,29617.4546136,0.9908614856
2023-11-03 00:00:00.000,USDC,270.659535,1,270.659535,29617.4546136,0.009138514384
2023-11-03 00:00:00.000,WETH,0,1830.21,0,29617.4546136,0
2023-11-04 00:00:00.000,ETH,16.03466,1860.28,29828.9573048,30099.583548677,0.9910089705
2023-11-04 00:00:00.000,USDC,270.659535,0.999877,270.626243877,30099.583548677,0.008991029508
2023-11-04 00:00:00.000,WETH,0,1860.28,0,30099.583548677,0
2023-11-05 00:00:00.000,ETH,16.03466,1901.15,30484.293859,30754.614528262,0.9912104029
2023-11-05 00:00:00.000,USDC,270.659535,0.998748,270.320669262,30754.614528262,0.008789597054
2023-11-05 00:00:00.000,WETH,0,1901.15,0,30754.614528262,0
2023-11-06 00:00:00.000,ETH,16.03466,1896.1,30403.318826,30673.924229093,0.9911779986
2023-11-06 00:00:00.000,USDC,270.659535,0.9998,270.605403093,30673.924229093,0.00882200142
2023-11-06 00:00:00.000,WETH,0,1896.1,0,30673.924229093,0
2023-11-07 00:00:00.000,ETH,16.03466,1883.97,30208.8184002,30479.4779352,0.9911199419
2023-11-07 00:00:00.000,USDC,270.659535,1,270.659535,30479.4779352,0.008880058103
2023-11-07 00:00:00.000,WETH,0,1883.97,0,30479.4779352,0
2023-11-08 00:00:00.000,ETH,16.03466,1891.09,30322.9851794,30593.915373935,0.9911443112
2023-11-08 00:00:00.000,USDC,270.659535,1.001,270.930194535,30593.915373935,0.008855688826
2023-11-08 00:00:00.000,WETH,0,1891.09,0,30593.915373935,0
2023-11-09 00:00:00.000,ETH,16.03466,2086.33,33453.5921978,33724.116132373,0.991978324
2023-11-09 00:00:00.000,USDC,270.659535,0.999499,270.523934573,33724.116132373,0.008021676047
2023-11-09 00:00:00.000,WETH,0,2086.33,0,33724.116132373,0
2023-11-10 00:00:00.000,ETH,16.03466,2083.9,33414.627974,33685.125654598,0.9919698183
2023-11-10 00:00:00.000,USDC,270.659535,0.999402,270.497680598,33685.125654598,0.00803018173
2023-11-10 00:00:00.000,WETH,0,2083.9,0,33685.125654598,0
2023-11-11 00:00:00.000,ETH,16.03466,2042.64,32753.0379024,33023.6974374,0.9918040814
2023-11-11 00:00:00.000,USDC,270.659535,1,270.659535,33023.6974374,0.008195918568
2023-11-11 00:00:00.000,WETH,0,2042.64,0,33023.6974374,0
2023-11-12 00:00:00.000,ETH,16.03466,2047.78,32835.4560548,33106.386249335,0.9918163767
2023-11-12 00:00:00.000,USDC,270.659535,1.001,270.930194535,33106.386249335,0.00818362332
2023-11-12 00:00:00.000,WETH,0,2047.78,0,33106.386249335,0
2023-11-13 00:00:00.000,ETH,16.03466,2065.53,33120.0712698,33390.679108829,0.9918957072
2023-11-13 00:00:00.000,USDC,270.659535,0.999809,270.607839029,33390.679108829,0.008104292762
2023-11-13 00:00:00.000,WETH,0,2065.53,0,33390.679108829,0
2023-11-14 00:00:00.000,ETH,16.03466,1985.06,31829.7621796,32100.284219556,0.9915725967
2023-11-14 00:00:00.000,USDC,270.659535,0.999492,270.522039956,32100.284219556,0.008427403262
2023-11-14 00:00:00.000,WETH,0,1985.06,0,32100.284219556,0
2023-11-15 00:00:00.000,ETH,16.03466,2048.44,32846.0389304,33116.600757308,0.9918300242
2023-11-15 00:00:00.000,USDC,270.659535,0.999639,270.561826908,33116.600757308,0.008169975804
2023-11-15 00:00:00.000,WETH,0,2048.44,0,33116.600757308,0
2023-11-16 00:00:00.000,ETH,16.03466,1956.81,31376.7830346,31647.4425696,0.9914476649
2023-11-16 00:00:00.000,USDC,270.659535,1,270.659535,31647.4425696,0.008552335134
2023-11-16 00:00:00.000,WETH,0,1956.81,0,31647.4425696,0
2023-11-17 00:00:00.000,ETH,16.03466,1952.73,31311.3616218,31581.940500259,0.9914324809
2023-11-17 00:00:00.000,USDC,270.659535,0.999702,270.578878459,31581.940500259,0.0085675191
2023-11-17 00:00:00.000,WETH,0,1952.73,0,31581.940500259,0
2023-11-18 00:00:00.000,ETH,16.03466,1960.13,31430.0181058,31700.948300335,0.9914535618
2023-11-18 00:00:00.000,USDC,270.659535,1.001,270.930194535,31700.948300335,0.008546438169
2023-11-18 00:00:00.000,WETH,0,1960.13,0,31700.948300335,0
2023-11-19 00:00:00.000,ETH,16.03466,2002.18,32104.2755588,32375.205753335,0.991631553
2023-11-19 00:00:00.000,USDC,270.659535,1.001,270.930194535,32375.205753335,0.008368447033
2023-11-19 00:00:00.000,WETH,0,2002.18,0,32375.205753335,0
2023-11-20 00:00:00.000,ETH,16.03466,2024.92,32468.9037272,32739.377319099,0.9917385847
2023-11-20 00:00:00.000,USDC,270.659535,0.999313,270.473591899,32739.377319099,0.008261415276
2023-11-20 00:00:00.000,WETH,0,2024.92,0,32739.377319099,0
2023-11-21 00:00:00.000,ETH,16.03466,1943.96,31170.7376536,31440.685895342,0.9914140473
2023-11-21 00:00:00.000,USDC,270.659535,0.997372,269.948241742,31440.685895342,0.008585952693
2023-11-21 00:00:00.000,WETH,0,1943.96,0,31440.685895342,0
2023-11-22 00:00:00.000,ETH,16.03466,2058.89,33013.6011274,33284.200575983,0.9918700331
2023-11-22 00:00:00.000,USDC,270.659535,0.999778,270.599448583,33284.200575983,0.008129966888
2023-11-22 00:00:00.000,WETH,0,2058.89,0,33284.200575983,0
2023-11-23 00:00:00.000,ETH,16.03466,2064.89,33109.8090874,33380.405558728,0.9918935535
2023-11-23 00:00:00.000,USDC,270.659535,0.999767,270.596471328,33380.405558728,0.008106446486
2023-11-23 00:00:00.000,WETH,0,2064.89,0,33380.405558728,0
2023-11-24 00:00:00.000,ETH,16.03466,2077.18,33306.8750588,33577.805253335,0.9919312715
2023-11-24 00:00:00.000,USDC,270.659535,1.001,270.930194535,33577.805253335,0.00806872851
2023-11-24 00:00:00.000,WETH,0,2077.18,0,33577.805253335,0
2023-11-25 00:00:00.000,ETH,16.03466,2082.93,33399.0743538,33669.7338888,0.9919613402
2023-11-25 00:00:00.000,USDC,270.659535,1,270.659535,33669.7338888,0.008038659762
2023-11-25 00:00:00.000,WETH,0,2082.93,0,33669.7338888,0
2023-11-26 00:00:00.000,ETH,16.03466,2066.24,33131.4558784,33402.1154134,0.9918969343
2023-11-26 00:00:00.000,USDC,270.659535,1,270.659535,33402.1154134,0.008103065679
2023-11-26 00:00:00.000,WETH,0,2066.24,0,33402.1154134,0
2023-11-27 00:00:00.000,ETH,16.03466,2022.6,32431.703316,32702.633510535,0.9917153402
2023-11-27 00:00:00.000,USDC,270.659535,1.001,270.930194535,32702.633510535,0.008284659841
2023-11-27 00:00:00.000,WETH,0,2022.6,0,32702.633510535,0
2023-11-28 00:00:00.000,ETH,16.03466,2050.66,32881.6358756,33152.19661987,0.991838829
2023-11-28 00:00:00.000,USDC,270.659535,0.999635,270.56074427,33152.19661987,0.008161170959
2023-11-28 00:00:00.000,WETH,0,2050.66,0,33152.19661987,0
2023-11-29 00:00:00.000,ETH,16.03466,2027.38,32508.3489908,32778.943567512,0.9917448658
2023-11-29 00:00:00.000,USDC,270.659535,0.99976,270.594576712,32778.943567512,0.008255134158
2023-11-29 00:00:00.000,WETH,0,2027.38,0,32778.943567512,0
2023-11-30 00:00:00.000,ETH,16.03466,2043.75,32770.836375,33041.482377023,0.9918089026
2023-11-30 00:00:00.000,USDC,270.659535,0.99995,270.646002023,33041.482377023,0.008191097449
2023-11-30 00:00:00.000,WETH,0,2043.75,0,33041.482377023,0
2023-12-01 00:00:00.000,ETH,16.03466,2085.94,33447.3386804,33717.9982154,0.9919728469
2023-12-01 00:00:00.000,USDC,270.659535,1,270.659535,33717.9982154,0.008027153133
2023-12-01 00:00:00.000,WETH,0,2085.94,0,33717.9982154,0
2023-12-02 00:00:00.000,ETH,16.03466,2161.25,34654.908925,34925.56846,0.99225039
2023-12-02 00:00:00.000,USDC,270.659535,1,270.659535,34925.56846,0.007749610012
2023-12-02 00:00:00.000,WETH,0,2161.25,0,34925.56846,0
2023-12-03 00:00:00.000,ETH,16.03466,2192.06,35148.9367996,35419.325133746,0.9923660789
2023-12-03 00:00:00.000,USDC,270.659535,0.998998,270.388334146,35419.325133746,0.007633921119
2023-12-03 00:00:00.000,WETH,0,2192.06,0,35419.325133746,0
2023-12-04 00:00:00.000,ETH,16.03466,2229.78,35753.7641748,36024.3073262,0.9924899833
2023-12-04 00:00:00.000,USDC,270.659535,0.99957,270.5431514,36024.3073262,0.007510016749
2023-12-04 00:00:00.000,WETH,0,2229.78,0,36024.3073262,0
2023-12-05 00:00:00.000,ETH,16.03466,2285.53,36647.6964698,36918.3560048,0.9926687002
2023-12-05 00:00:00.000,USDC,270.659535,1,270.659535,36918.3560048,0.007331299773
2023-12-05 00:00:00.000,WETH,0,2285.53,0,36918.3560048,0
2023-12-06 00:00:00.000,ETH,16.03466,2228.07,35726.3449062,35997.275100735,0.9924735916
2023-12-06 00:00:00.000,USDC,270.659535,1.001,270.930194535,35997.275100735,0.007526408423
2023-12-06 00:00:00.000,WETH,0,2228.07,0,35997.275100735,0
2023-12-07 00:00:00.000,ETH,16.03466,2351.65,37707.908189,37978.567724,0.9928733612
2023-12-07 00:00:00.000,USDC,270.659535,1,270.659535,37978.567724,0.007126638818
2023-12-07 00:00:00.000,WETH,0,2351.65,0,37978.567724,0
2023-12-08 00:00:00.000,ETH,16.03466,2358.55,37818.547343,38089.186500957,0.9928945934
2023-12-08 00:00:00.000,USDC,270.659535,0.9999247134,270.639157957,38089.186500957,0.007105406621
2023-12-08 00:00:00.000,WETH,0,2358.55,0,38089.186500957,0
2023-12-09 00:00:00.000,ETH,16.03466,2347.49,37641.2040034,37911.707638508,0.992864905
2023-12-09 00:00:00.000,USDC,270.659535,0.999424,270.503635108,37911.707638508,0.007135094987
2023-12-09 00:00:00.000,WETH,0,2347.49,0,37911.707638508,0
2023-12-10 00:00:00.000,ETH,15.91466,2361,37574.51226,37844.837530474,0.9928570107
2023-12-10 00:00:00.000,USDC,270.659535,0.998765,270.325270474,37844.837530474,0.007142989325
2023-12-10 00:00:00.000,WETH,0,2361,0,37844.837530474,0
2023-12-11 00:00:00.000,ETH,15.91466,2220.51,35338.6616766,35609.3212116,0.9923991942
2023-12-11 00:00:00.000,USDC,270.659535,1,270.659535,35609.3212116,0.007600805794
2023-12-11 00:00:00.000,WETH,0,2220.51,0,35609.3212116,0
2023-12-12 00:00:00.000,ETH,15.91466,2182.16,34728.3344656,34999.264660135,0.9922589747
2023-12-12 00:00:00.000,USDC,270.659535,1.001,270.930194535,34999.264660135,0.007741025338
2023-12-12 00:00:00.000,WETH,0,2182.16,0,34999.264660135,0
2023-12-13 00:00:00.000,ETH,15.91466,2254.73,35883.2613418,36153.699206641,0.9925197733
2023-12-13 00:00:00.000,USDC,270.659535,0.999181,270.437864841,36153.699206641,0.007480226665
2023-12-13 00:00:00.000,WETH,0,2254.73,0,36153.699206641,0
2023-12-14 00:00:00.000,ETH,15.91466,2316.95,36873.471487,37144.115323747,0.992713682
2023-12-14 00:00:00.000,USDC,270.659535,0.999942,270.643836747,37144.115323747,0.007286318018
2023-12-14 00:00:00.000,WETH,0,2316.95,0,37144.115323747,0
2023-12-15 00:00:00.000,ETH,15.91466,2244.41,35719.0220506,35989.252860897,0.992491347
2023-12-15 00:00:00.000,USDC,270.659535,0.998416,270.230810297,35989.252860897,0.007508652968
2023-12-15 00:00:00.000,WETH,0,2244.41,0,35989.252860897,0
2023-12-16 00:00:00.000,ETH,15.91466,2229.46,35481.0978836,35751.7574186,0.9924294761
2023-12-16 00:00:00.000,USDC,270.659535,1,270.659535,35751.7574186,0.007570523928
2023-12-16 00:00:00.000,WETH,0,2229.46,0,35751.7574186,0
2023-12-17 00:00:00.000,ETH,15.91466,2210.68,35182.2205688,35452.797011323,0.9923679804
2023-12-17 00:00:00.000,USDC,270.659535,0.999693,270.576442523,35452.797011323,0.007632019624
2023-12-17 00:00:00.000,WETH,0,2210.68,0,35452.797011323,0
2023-12-18 00:00:00.000,ETH,15.91466,2223.77,35390.5434682,35660.835176892,0.9924204885
2023-12-18 00:00:00.000,USDC,270.659535,0.998641,270.291708692,35660.835176892,0.007579511454
2023-12-18 00:00:00.000,WETH,0,2223.77,0,35660.835176892,0
2023-12-19 00:00:00.000,ETH,15.91466,2189.59,34846.5803894,35117.109195845,0.9922963817
2023-12-19 00:00:00.000,USDC,270.659535,0.999517,270.528806445,35117.109195845,0.00770361834
2023-12-19 00:00:00.000,WETH,0,2189.59,0,35117.109195845,0
2023-12-20 00:00:00.000,ETH,15.91466,2183.68,34752.5247488,35023.1842838,0.9922719895
2023-12-20 00:00:00.000,USDC,270.659535,1,270.659535,35023.1842838,0.007728010475
2023-12-20 00:00:00.000,WETH,0,2183.68,0,35023.1842838,0
2023-12-21 00:00:00.000,ETH,15.91466,2237.24,35604.9139384,35875.549114042,0.9924562778
2023-12-21 00:00:00.000,USDC,270.659535,0.99991,270.635175642,35875.549114042,0.007543722182
2023-12-21 00:00:00.000,WETH,0,2237.24,0,35875.549114042,0
2023-12-22 00:00:00.000,ETH,15.91466,2326.297323677,37022.230965222,37292.945943468,0.992740853
2023-12-22 00:00:00.000,USDC,270.659535,1.000204845,270.714978246,37292.945943468,0.007259147042
2023-12-22 00:00:00.000,WETH,0,2326.297323677,0,37292.945943468,0
2023-12-23 00:00:00.000,ETH,15.91466,2291.47,36467.9659502,36738.692651701,0.9926310197
2023-12-23 00:00:00.000,USDC,270.659535,1.000248159,270.726701501,36738.692651701,0.007368980276
2023-12-23 00:00:00.000,WETH,0,2291.47,0,36738.692651701,0
2023-12-24 00:00:00.000,ETH,14.79466,2266.997699667,33539.460187359,33810.203306147,0.9919922659
2023-12-24 00:00:00.000,USDC,270.659535,1.000308815,270.743118788,33810.203306147,0.008007734125
2023-12-24 00:00:00.000,WETH,0,2266.997699667,0,33810.203306147,0
2023-12-25 00:00:00.000,ETH,14.79466,2274.536739275,33650.997715083,33921.764771015,0.992017896
2023-12-25 00:00:00.000,USDC,270.659535,1.000397255,270.767055932,33921.764771015,0.007982104049
2023-12-25 00:00:00.000,WETH,0,2274.536739275,0,33921.764771015,0
2023-12-26 00:00:00.000,ETH,14.79466,2226.4,32938.831024,33209.443464241,0.9918513407
2023-12-26 00:00:00.000,USDC,270.659535,0.999826,270.612440241,33209.443464241,0.008148659297
2023-12-26 00:00:00.000,WETH,0,2226.4,0,33209.443464241,0
2023-12-27 00:00:00.000,ETH,14.79466,2377.6,35175.783616,35446.260185154,0.9923693905
2023-12-27 00:00:00.000,USDC,270.659535,0.999324,270.476569154,35446.260185154,0.007630609484
2023-12-27 00:00:00.000,WETH,0,2377.6,0,35446.260185154,0
2023-12-28 00:00:00.000,ETH,14.79466,2350.97,34781.8018202,35052.732014735,0.9922707824
2023-12-28 00:00:00.000,USDC,270.659535,1.001,270.930194535,35052.732014735,0.007729217638
2023-12-28 00:00:00.000,WETH,0,2350.97,0,35052.732014735,0
2023-12-29 00:00:00.000,ETH,14.79466,2283.13,33778.1320858,34049.062280335,0.992042947
2023-12-29 00:00:00.000,USDC,270.659535,1.001,270.930194535,34049.062280335,0.00795705304
2023-12-29 00:00:00.000,WETH,0,2283.13,0,34049.062280335,0
2023-12-30 00:00:00.000,ETH,14.79466,2287.06,33836.2750996,34106.883750607,0.9920658641
2023-12-30 00:00:00.000,USDC,270.659535,0.999812,270.608651007,34106.883750607,0.007934135906
2023-12-30 00:00:00.000,WETH,0,2287.06,0,34106.883750607,0
2023-12-31 00:00:00.000,ETH,14.79466,2262.89,33478.6881674,33749.313869958,0.9919812976
2023-12-31 00:00:00.000,USDC,270.659535,0.999875,270.625702558,33749.313869958,0.008018702354
2023-12-31 00:00:00.000,WETH,0,2262.89,0,33749.313869958,0
2024-01-01 00:00:00.000,ETH,14.79466,2330.26,34475.4044116,34746.875925205,0.9921871677
2024-01-01 00:00:00.000,USDC,270.659535,1.003,271.471513605,34746.875925205,0.007812832273
2024-01-01 00:00:00.000,WETH,0,2330.26,0,34746.875925205,0
2024-01-02 00:00:00.000,ETH,14.79466,2340.51,34627.0496766,34897.540861369,0.9922489901
2024-01-02 00:00:00.000,USDC,270.659535,0.999378,270.491184769,34897.540861369,0.007751009902
2024-01-02 00:00:00.000,WETH,0,2340.51,0,34897.540861369,0
2024-01-03 00:00:00.000,ETH,14.79466,2202.11,32579.4687326,32850.398927135,0.9917526056
2024-01-03 00:00:00.000,USDC,270.659535,1.001,270.930194535,32850.398927135,0.008247394351
2024-01-03 00:00:00.000,WETH,0,2202.11,0,32850.398927135,0
2024-01-04 00:00:00.000,ETH,14.79466,2278.03,33702.6793198,33973.609514335,0.992025275
2024-01-04 00:00:00.000,USDC,270.659535,1.001,270.930194535,33973.609514335,0.007974725041
2024-01-04 00:00:00.000,WETH,0,2278.03,0,33973.609514335,0
2024-01-05 00:00:00.000,ETH,14.79466,2264.43,33501.4719438,33772.1314788,0.9919857136
2024-01-05 00:00:00.000,USDC,270.659535,1,270.659535,33772.1314788,0.008014286429
2024-01-05 00:00:00.000,WETH,0,2264.43,0,33772.1314788,0
2024-01-06 00:00:00.000,ETH,14.79466,2236.17,33083.3748522,33354.305046735,0.9918772046
2024-01-06 00:00:00.000,USDC,270.659535,1.001,270.930194535,33354.305046735,0.008122795368
2024-01-06 00:00:00.000,WETH,0,2236.17,0,33354.305046735,0
2024-01-07 00:00:00.000,ETH,14.79466,2219.778344623,32840.865884066,33111.520012142,0.991825983
2024-01-07 00:00:00.000,USDC,270.659535,0.9999800232,270.654128075,33111.520012142,0.008174017018
2024-01-07 00:00:00.000,WETH,0,2219.778344623,0,33111.520012142,0
2024-01-08 00:00:00.000,ETH,14.79466,2290.85,33892.346861,34163.277055535,0.992069549
2024-01-08 00:00:00.000,USDC,270.659535,1.001,270.930194535,34163.277055535,0.007930450996
2024-01-08 00:00:00.000,WETH,0,2290.85,0,34163.277055535,0
2024-01-09 00:00:00.000,ETH,14.79466,2338.284841122,34594.129207554,34865.059402089,0.9922291773
2024-01-09 00:00:00.000,USDC,270.659535,1.001,270.930194535,34865.059402089,0.007770822686
2024-01-09 00:00:00.000,WETH,0,2338.284841122,0,34865.059402089,0
2024-01-10 00:00:00.000,ETH,14.79466,2584.99,38244.0481534,38513.756049475,0.9929971022
2024-01-10 00:00:00.000,USDC,270.659535,0.996484,269.707896075,38513.756049475,0.007002897763
2024-01-10 00:00:00.000,WETH,0,2584.99,0,38513.756049475,0
2024-01-11 00:00:00.000,ETH,14.79466,2606.84,38567.3114744,38837.635932896,0.9930396263
2024-01-11 00:00:00.000,USDC,270.659535,0.998762,270.324458496,38837.635932896,0.006960373669
2024-01-11 00:00:00.000,WETH,0,2606.84,0,38837.635932896,0
2024-01-12 00:00:00.000,ETH,14.79466,2507.11,37091.8400326,37362.419993697,0.9927579648
2024-01-12 00:00:00.000,USDC,270.659535,0.999706,270.579961097,37362.419993697,0.007242035209
2024-01-12 00:00:00.000,WETH,0,2507.11,0,37362.419993697,0
2024-01-13 00:00:00.000,ETH,14.79466,2569.41,38013.5473506,38283.873433053,0.9929389046
2024-01-13 00:00:00.000,USDC,270.659535,0.998768,270.326082453,38283.873433053,0.007061095396
2024-01-13 00:00:00.000,WETH,0,2569.41,0,38283.873433053,0
2024-01-14 00:00:00.000,ETH,14.79466,2486.35,36784.702891,37055.207879406,0.9926999468
2024-01-14 00:00:00.000,USDC,270.659535,0.999429,270.504988406,37055.207879406,0.007300053188
2024-01-14 00:00:00.000,WETH,0,2486.35,0,37055.207879406,0
2024-01-15 00:00:00.000,ETH,14.79466,2528.48,37408.0019168,37678.513942353,0.992820523
2024-01-15 00:00:00.000,USDC,270.659535,0.999455,270.512025553,37678.513942353,0.007179477035
2024-01-15 00:00:00.000,WETH,0,2528.48,0,37678.513942353,0
2024-01-16 00:00:00.000,ETH,14.79466,2594.21,38380.4549186,38651.0094377,0.9930000659
2024-01-16 00:00:00.000,USDC,270.659535,0.999612,270.5545191,38651.0094377,0.006999934104
2024-01-16 00:00:00.000,WETH,0,2594.21,0,38651.0094377,0
2024-01-17 00:00:00.000,ETH,14.79466,2522.25,37315.831185,37586.466901961,0.99279965
2024-01-17 00:00:00.000,USDC,270.659535,0.999912,270.635716961,37586.466901961,0.00720035
2024-01-17 00:00:00.000,WETH,0,2522.25,0,37586.466901961,0
2024-01-18 00:00:00.000,ETH,14.79466,2462.08,36425.6364928,36696.566687335,0.9926170152
2024-01-18 00:00:00.000,USDC,270.659535,1.001,270.930194535,36696.566687335,0.007382984813
2024-01-18 00:00:00.000,WETH,0,2462.08,0,36696.566687335,0
2024-01-19 00:00:00.000,ETH,14.79466,2488.735399593,36819.994066937,37090.653601937,0.9927027564
2024-01-19 00:00:00.000,USDC,270.659535,1,270.659535,37090.653601937,0.00729724361
2024-01-19 00:00:00.000,WETH,0,2488.735399593,0,37090.653601937,0
2024-01-20 00:00:00.000,ETH,14.79466,2467.9,36511.741414,36782.049903583,0.992651076
2024-01-20 00:00:00.000,USDC,270.659535,0.998703,270.308489583,36782.049903583,0.007348924008
2024-01-20 00:00:00.000,WETH,0,2467.9,0,36782.049903583,0
2024-01-21 00:00:00.000,ETH,14.79466,2474.01,36602.1367866,36872.584124525,0.9926653544
2024-01-21 00:00:00.000,USDC,270.659535,0.999216,270.447337925,36872.584124525,0.007334645628
2024-01-21 00:00:00.000,WETH,0,2474.01,0,36872.584124525,0
2024-01-22 00:00:00.000,ETH,14.79466,2314.63,34244.1638758,34514.384130375,0.9921707931
2024-01-22 00:00:00.000,USDC,270.659535,0.998377,270.220254575,34514.384130375,0.007829206906
2024-01-22 00:00:00.000,WETH,0,2314.63,0,34514.384130375,0
2024-01-23 00:00:00.000,ETH,14.80466,2233.74,33069.7612284,33340.444272809,0.9918812406
2024-01-23 00:00:00.000,USDC,270.659535,1.00008686,270.683044409,33340.444272809,0.008118759372
2024-01-23 00:00:00.000,WETH,0,2233.74,0,33340.444272809,0
2024-01-24 00:00:00.000,ETH,14.80466,2221.02,32881.4459532,33152.64680727,0.9918196319
2024-01-24 00:00:00.000,USDC,270.659535,1.002,271.20085407,33152.64680727,0.008180368091
2024-01-24 00:00:00.000,WETH,0,2221.02,0,33152.64680727,0
2024-01-25 00:00:00.000,ETH,14.80466,2210.73,32729.1060018,32999.697871916,0.9918001713
2024-01-25 00:00:00.000,USDC,270.659535,0.99975,270.591870116,32999.697871916,0.008199828713
2024-01-25 00:00:00.000,WETH,0,2210.73,0,32999.697871916,0
2024-01-26 00:00:00.000,ETH,14.81666,2259.24,33474.3909384,33744.992822919,0.9919809767
2024-01-26 00:00:00.000,USDC,270.659535,0.999787,270.601884519,33744.992822919,0.008019023324
2024-01-26 00:00:00.000,WETH,0,2259.24,0,33744.992822919,0
2024-01-27 00:00:00.000,ETH,14.83066,2265.43,33597.8220838,33868.4816188,0.9920085129
2024-01-27 00:00:00.000,USDC,270.659535,1,270.659535,33868.4816188,0.007991487131
2024-01-27 00:00:00.000,WETH,0,2265.43,0,33868.4816188,0
2024-01-28 00:00:00.000,ETH,14.84066,2238.6,33222.301476,33493.231670535,0.9919108972
2024-01-28 00:00:00.000,USDC,270.659535,1.001,270.930194535,33493.231670535,0.008089102813
2024-01-28 00:00:00.000,WETH,0,2238.6,0,33493.231670535,0
2024-01-29 00:00:00.000,ETH,14.85166,2311.21,34325.3051086,34595.9646436,0.9921765576
2024-01-29 00:00:00.000,USDC,270.659535,1,270.659535,34595.9646436,0.007823442352
2024-01-29 00:00:00.000,WETH,0,2311.21,0,34595.9646436,0
2024-01-30 00:00:00.000,ETH,14.86266,2363.58,35129.0859228,35399.371947642,0.9923646661
2024-01-30 00:00:00.000,USDC,270.659535,0.99862,270.286024842,35399.371947642,0.007635333905
2024-01-30 00:00:00.000,WETH,0,2363.58,0,35399.371947642,0
2024-01-31 00:00:00.000,ETH,14.86266,2271.38,33758.7486708,34029.678865335,0.9920384146
2024-01-31 00:00:00.000,USDC,270.659535,1.001,270.930194535,34029.678865335,0.007961585403
2024-01-31 00:00:00.000,WETH,0,2271.38,0,34029.678865335,0
2024-02-01 00:00:00.000,ETH,14.86266,2296.38,34130.3151708,34400.9747058,0.9921322132
2024-02-01 00:00:00.000,USDC,270.659535,1,270.659535,34400.9747058,0.007867786809
2024-02-01 00:00:00.000,WETH,0,2296.38,0,34400.9747058,0
2024-02-02 00:00:00.000,ETH,14.86266,2304.94,34257.5395404,34528.1990754,0.9921612032
2024-02-02 00:00:00.000,USDC,270.659535,1,270.659535,34528.1990754,0.007838796759
2024-02-02 00:00:00.000,WETH,0,2304.94,0,34528.1990754,0
2024-02-03 00:00:00.000,ETH,14.86266,2296.89,34137.8951274,34408.539776126,0.9921343756
2024-02-03 00:00:00.000,USDC,270.659535,0.999945,270.644648726,34408.539776126,0.007865624362
2024-02-03 00:00:00.000,WETH,0,2296.89,0,34408.539776126,0
2024-02-04 00:00:00.000,ETH,14.86266,2288.49,34013.0487834,34283.670967384,0.9921063825
2024-02-04 00:00:00.000,USDC,270.659535,0.999862,270.622183984,34283.670967384,0.007893617467
2024-02-04 00:00:00.000,WETH,0,2288.49,0,34283.670967384,0
2024-02-05 00:00:00.000,ETH,14.86266,2294.61,34104.0082626,34374.938457135,0.9921183802
2024-02-05 00:00:00.000,USDC,270.659535,1.001,270.930194535,34374.938457135,0.00788161977
2024-02-05 00:00:00.000,WETH,0,2294.61,0,34374.938457135,0
2024-02-06 00:00:00.000,ETH,14.86266,2376.89,35326.9079274,35597.516578407,0.9923981031
2024-02-06 00:00:00.000,USDC,270.659535,0.999812,270.608651007,35597.516578407,0.007601896902
2024-02-06 00:00:00.000,WETH,0,2376.89,0,35597.516578407,0
2024-02-07 00:00:00.000,ETH,14.86266,2424.08,36028.2768528,36298.884691829,0.9925450095
2024-02-07 00:00:00.000,USDC,270.659535,0.999809,270.607839029,36298.884691829,0.007454990458
2024-02-07 00:00:00.000,WETH,0,2424.08,0,36298.884691829,0
2024-02-08 00:00:00.000,ETH,14.86266,2429.45,36108.089337,36378.563199559,0.9925650207
2024-02-08 00:00:00.000,USDC,270.659535,0.999314,270.473862559,36378.563199559,0.007434979251
2024-02-08 00:00:00.000,WETH,0,2429.45,0,36378.563199559,0
2024-02-09 00:00:00.000,ETH,14.86266,2496.58,37105.8197028,37376.431060403,0.9927598396
2024-02-09 00:00:00.000,USDC,270.659535,0.999822,270.611357603,37376.431060403,0.007240160441
2024-02-09 00:00:00.000,WETH,0,2496.58,0,37376.431060403,0
2024-02-10 00:00:00.000,ETH,14.87266,2503.99,37240.9919134,37511.467129257,0.9927895325
2024-02-10 00:00:00.000,USDC,270.659535,0.999319,270.475215857,37511.467129257,0.007210467533
2024-02-10 00:00:00.000,WETH,0,2503.99,0,37511.467129257,0
2024-02-11 00:00:00.000,ETH,14.87266,2493.18,37080.2184588,37351.148653335,0.9927464026
2024-02-11 00:00:00.000,USDC,270.659535,1.001,270.930194535,37351.148653335,0.007253597394
2024-02-11 00:00:00.000,WETH,0,2493.18,0,37351.148653335,0
2024-02-12 00:00:00.000,ETH,10.91266,2648.13,28898.1423258,29168.71443777,0.9907238931
2024-02-12 00:00:00.000,USDC,270.659535,0.999677,270.57211197,29168.71443777,0.009276106856
2024-02-12 00:00:00.000,WETH,0,2648.13,0,29168.71443777,0
2024-02-13 00:00:00.000,ETH,10.91266,2632.3,28725.394918,28996.325112535,0.9906563955
2024-02-13 00:00:00.000,USDC,270.659535,1.001,270.930194535,28996.325112535,0.009343604525
2024-02-13 00:00:00.000,WETH,0,2632.3,0,28996.325112535,0
2024-02-14 00:00:00.000,ETH,10.91266,2765.12,30174.8144192,30445.393297659,0.9911126496
2024-02-14 00:00:00.000,USDC,270.659535,0.999702,270.578878459,30445.393297659,0.008887350405
2024-02-14 00:00:00.000,WETH,0,2765.12,0,30445.393297659,0
2024-02-15 00:00:00.000,ETH,10.91266,2820.63,30780.5761758,31051.2357108,0.9912834537
2024-02-15 00:00:00.000,USDC,270.659535,1,270.659535,31051.2357108,0.00871654634
2024-02-15 00:00:00.000,WETH,0,2820.63,0,31051.2357108,0
2024-02-16 00:00:00.000,ETH,10.92266,2782.76,30395.1413416,30665.8008766,0.9911738964
2024-02-16 00:00:00.000,USDC,270.659535,1,270.659535,30665.8008766,0.008826103583
2024-02-16 00:00:00.000,WETH,0,2782.76,0,30665.8008766,0
2024-02-17 00:00:00.000,ETH,10.93266,2790.06,30502.7773596,30773.380868076,0.991206572
2024-02-17 00:00:00.000,USDC,270.659535,0.999793,270.603508476,30773.380868076,0.008793427984
2024-02-17 00:00:00.000,WETH,0,2790.06,0,30773.380868076,0
2024-02-18 00:00:00.000,ETH,10.93266,2872.5,31404.06585,31674.725385,0.9914550314
2024-02-18 00:00:00.000,USDC,270.659535,1,270.659535,31674.725385,0.008544968637
2024-02-18 00:00:00.000,WETH,0,2872.5,0,31674.725385,0
2024-02-19 00:00:00.000,ETH,10.93266,2961.44,32376.4166304,32646.745690108,0.991719571
2024-02-19 00:00:00.000,USDC,270.659535,0.998779,270.329059708,32646.745690108,0.008280428998
2024-02-19 00:00:00.000,WETH,0,2961.44,0,32646.745690108,0
2024-02-20 00:00:00.000,ETH,10.93266,3006.8,32872.322088,33142.981623,0.9918335792
2024-02-20 00:00:00.000,USDC,270.659535,1,270.659535,33142.981623,0.008166420815
2024-02-20 00:00:00.000,WETH,0,3006.8,0,33142.981623,0
2024-02-21 00:00:00.000,ETH,10.93266,2907.03,31781.5705998,32052.2301348,0.9915556723
2024-02-21 00:00:00.000,USDC,270.659535,1,270.659535,32052.2301348,0.008444327707
2024-02-21 00:00:00.000,WETH,0,2907.03,0,32052.2301348,0
2024-02-22 00:00:00.000,ETH,10.93266,2982.7,32608.844982,32878.931801424,0.9917854138
2024-02-22 00:00:00.000,USDC,270.659535,0.997884,270.086819424,32878.931801424,0.008214586199
2024-02-22 00:00:00.000,WETH,0,2982.7,0,32878.931801424,0
2024-02-23 00:00:00.000,ETH,10.93266,2940.93,32152.1877738,32423.117968335,0.9916439192
2024-02-23 00:00:00.000,USDC,270.659535,1.001,270.930194535,32423.117968335,0.008356080831
2024-02-23 00:00:00.000,WETH,0,2940.93,0,32423.117968335,0
2024-02-24 00:00:00.000,ETH,10.93266,2990.97,32699.2580802,32969.9176152,0.9917907124
2024-02-24 00:00:00.000,USDC,270.659535,1,270.659535,32969.9176152,0.008209287574
2024-02-24 00:00:00.000,WETH,0,2990.97,0,32969.9176152,0
2024-02-25 00:00:00.000,ETH,10.93266,3108.71,33986.4694686,34256.825594261,0.9921079633
2024-02-25 00:00:00.000,USDC,270.659535,0.998879,270.356125661,34256.825594261,0.007892036725
2024-02-25 00:00:00.000,WETH,0,3108.71,0,34256.825594261,0
2024-02-26 00:00:00.000,ETH,10.93266,3173.75,34697.529675,34968.121545116,0.9922617556
2024-02-26 00:00:00.000,USDC,270.659535,0.99975,270.591870116,34968.121545116,0.007738244383
2024-02-26 00:00:00.000,WETH,0,3173.75,0,34968.121545116,0
2024-02-27 00:00:00.000,ETH,10.93266,3244.06,35466.2049996,35737.135194135,0.9924188049
2024-02-27 00:00:00.000,USDC,270.659535,1.001,270.930194535,35737.135194135,0.007581195109
2024-02-27 00:00:00.000,WETH,0,3244.06,0,35737.135194135,0
2024-02-28 00:00:00.000,ETH,10.93266,3333.67,36445.8806622,36717.08151627,0.9926137688
2024-02-28 00:00:00.000,USDC,270.659535,1.002,271.20085407,36717.08151627,0.007386231227
2024-02-28 00:00:00.000,WETH,0,3333.67,0,36717.08151627,0
2024-02-29 00:00:00.000,ETH,10.93266,3363.97,36777.1402602,37048.070454735,0.9926870633
2024-02-29 00:00:00.000,USDC,270.659535,1.001,270.930194535,37048.070454735,0.007312936712
2024-02-29 00:00:00.000,WETH,0,3363.97,0,37048.070454735,0
2024-03-01 00:00:00.000,ETH,10.93266,3421.75,37408.829355,37679.759549535,0.9928096623
2024-03-01 00:00:00.000,USDC,270.659535,1.001,270.930194535,37679.759549535,0.007190337671
2024-03-01 00:00:00.000,WETH,0,3421.75,0,37679.759549535,0
2024-03-02 00:00:00.000,ETH,10.93266,3401.68,37189.4108688,37460.341063335,0.992767546
2024-03-02 00:00:00.000,USDC,270.659535,1.001,270.930194535,37460.341063335,0.007232454026
2024-03-02 00:00:00.000,WETH,0,3401.68,0,37460.341063335,0
2024-03-03 00:00:00.000,ETH,10.93266,3481.49,38061.9464634,38332.876657935,0.9929321716
2024-03-03 00:00:00.000,USDC,270.659535,1.001,270.930194535,38332.876657935,0.007067828406
2024-03-03 00:00:00.000,WETH,0,3481.49,0,38332.876657935,0
2024-03-04 00:00:00.000,ETH,10.93266,3572.07,39052.2268062,39322.540438314,0.9931257333
2024-03-04 00:00:00.000,USDC,270.659535,0.998722,270.313632114,39322.540438314,0.006874266746
2024-03-04 00:00:00.000,WETH,0,3572.07,0,39322.540438314,0
2024-03-05 00:00:00.000,ETH,10.93266,3520.69,38490.5067354,38761.054758672,0.9930201068
2024-03-05 00:00:00.000,USDC,270.659535,0.999588,270.548023272,38761.054758672,0.006979893219
2024-03-05 00:00:00.000,WETH,0,3520.69,0,38761.054758672,0
2024-03-06 00:00:00.000,ETH,10.93266,3854.12,42135.7835592,42406.713753735,0.9936111486
2024-03-06 00:00:00.000,USDC,270.659535,1.001,270.930194535,42406.713753735,0.006388851447
2024-03-06 00:00:00.000,WETH,0,3854.12,0,42406.713753735,0
2024-03-07 00:00:00.000,ETH,10.93266,3835.71,41934.5132886,42204.976324778,0.993591679
2024-03-07 00:00:00.000,USDC,270.659535,0.999274,270.463036178,42204.976324778,0.006408321002
2024-03-07 00:00:00.000,WETH,0,3835.71,0,42204.976324778,0
2024-03-08 00:00:00.000,ETH,10.93266,3906.49,42708.3269634,42979.257157935,0.9936962569
2024-03-08 00:00:00.000,USDC,270.659535,1.001,270.930194535,42979.257157935,0.006303743072
2024-03-08 00:00:00.000,WETH,0,3906.49,0,42979.257157935,0
2024-03-09 00:00:00.000,ETH,10.93266,3908.42,42729.4269972,42999.953909028,0.9937086697
2024-03-09 00:00:00.000,USDC,270.659535,0.99951,270.526911828,42999.953909028,0.006291330274
2024-03-09 00:00:00.000,WETH,0,3908.42,0,42999.953909028,0
2024-03-10 00:00:00.000,ETH,10.93266,3849.87,42089.3197542,42359.918932124,0.9936119052
2024-03-10 00:00:00.000,USDC,270.659535,0.999777,270.599177924,42359.918932124,0.006388094802
2024-03-10 00:00:00.000,WETH,0,3849.87,0,42359.918932124,0
2024-03-11 00:00:00.000,ETH,10.93266,4068.2,44476.247412,44746.492567252,0.9939605288
2024-03-11 00:00:00.000,USDC,270.659535,0.998469,270.245155252,44746.492567252,0.006039471247
2024-03-11 00:00:00.000,WETH,0,4068.2,0,44746.492567252,0
2024-03-12 00:00:00.000,ETH,10.93266,3957.22,43262.9408052,43533.870999735,0.9937765655
2024-03-12 00:00:00.000,USDC,270.659535,1.001,270.930194535,43533.870999735,0.006223434496
2024-03-12 00:00:00.000,WETH,0,3957.22,0,43533.870999735,0
2024-03-13 00:00:00.000,ETH,10.93266,4003.25,43766.171145,44036.724852122,0.9938561801
2024-03-13 00:00:00.000,USDC,270.659535,0.999609,270.553707122,44036.724852122,0.006143819915
2024-03-13 00:00:00.000,WETH,0,4003.25,0,44036.724852122,0
2024-03-14 00:00:00.000,ETH,10.93266,3876.87,42384.5015742,42655.008727882,0.9936582558
2024-03-14 00:00:00.000,USDC,270.659535,0.999437,270.507153682,42655.008727882,0.006341744188
2024-03-14 00:00:00.000,WETH,0,3876.87,0,42655.008727882,0
2024-03-15 00:00:00.000,ETH,10.93266,3715.9,40624.671294,40895.268577307,0.9933831641
2024-03-15 00:00:00.000,USDC,270.659535,0.99977,270.597283307,40895.268577307,0.00661683595
2024-03-15 00:00:00.000,WETH,0,3715.9,0,40895.268577307,0
2024-03-16 00:00:00.000,ETH,10.93266,3523.56,38521.8834696,38793.354983205,0.993002113
2024-03-16 00:00:00.000,USDC,270.659535,1.003,271.471513605,38793.354983205,0.006997886976
2024-03-16 00:00:00.000,WETH,0,3523.56,0,38793.354983205,0
2024-03-17 00:00:00.000,ETH,10.93266,3634.97,39739.8911202,40010.384740905,0.9932394147
2024-03-17 00:00:00.000,USDC,270.659535,0.999387,270.493620705,40010.384740905,0.006760585344
2024-03-17 00:00:00.000,WETH,0,3634.97,0,40010.384740905,0
2024-03-18 00:00:00.000,ETH,10.93266,3536.26,38660.7282516,38931.92910567,0.9930339734
2024-03-18 00:00:00.000,USDC,270.659535,1.002,271.20085407,38931.92910567,0.006966026608
2024-03-18 00:00:00.000,WETH,0,3536.26,0,38931.92910567,0
2024-03-19 00:00:00.000,ETH,10.93266,3157.79,34523.0444214,34792.477056728,0.9922560088
2024-03-19 00:00:00.000,USDC,270.659535,0.995467,269.432635328,34792.477056728,0.007743991176
2024-03-19 00:00:00.000,WETH,0,3157.79,0,34792.477056728,0
2024-03-20 00:00:00.000,ETH,10.93266,3515.69,38435.8434354,38706.210116783,0.9930149017
2024-03-20 00:00:00.000,USDC,270.659535,0.998918,270.366681383,38706.210116783,0.006985098272
2024-03-20 00:00:00.000,WETH,0,3515.69,0,38706.210116783,0
2024-03-21 00:00:00.000,ETH,10.93266,3487.21,38124.4812786,38395.130257878,0.9929509556
2024-03-21 00:00:00.000,USDC,270.659535,0.999961,270.648979278,38395.130257878,0.007049044435
2024-03-21 00:00:00.000,WETH,0,3487.21,0,38395.130257878,0
2024-03-22 00:00:00.000,ETH,10.93266,3308.34,36168.9563844,36439.886578935,0.9925650099
2024-03-22 00:00:00.000,USDC,270.659535,1.001,270.930194535,36439.886578935,0.007434990061
2024-03-22 00:00:00.000,WETH,0,3308.34,0,36439.886578935,0
2024-03-23 00:00:00.000,ETH,10.93266,3370.81,36851.9196546,37122.5791896,0.9927090321
2024-03-23 00:00:00.000,USDC,270.659535,1,270.659535,37122.5791896,0.007290967948
2024-03-23 00:00:00.000,WETH,0,3370.81,0,37122.5791896,0
2024-03-24 00:00:00.000,ETH,10.93266,3457,37794.20562,38064.677317283,0.9928944177
2024-03-24 00:00:00.000,USDC,270.659535,0.999306,270.471697283,38064.677317283,0.007105582297
2024-03-24 00:00:00.000,WETH,0,3457,0,38064.677317283,0
2024-03-25 00:00:00.000,ETH,10.93266,3609.16,39457.7191656,39728.234168408,0.9931908627
2024-03-25 00:00:00.000,USDC,270.659535,0.999466,270.515002808,39728.234168408,0.006809137342
2024-03-25 00:00:00.000,WETH,0,3609.16,0,39728.234168408,0
2024-03-26 00:00:00.000,ETH,10.93266,3595.45,39307.832397,39578.341174639,0.9931652321
2024-03-26 00:00:00.000,USDC,270.659535,0.999443,270.508777639,39578.341174639,0.006834767947
2024-03-26 00:00:00.000,WETH,0,3595.45,0,39578.341174639,0
2024-03-27 00:00:00.000,ETH,10.93266,3503.92,38307.1660272,38577.512679778,0.9929921181
2024-03-27 00:00:00.000,USDC,270.659535,0.998844,270.346652578,38577.512679778,0.007007881893
2024-03-27 00:00:00.000,WETH,0,3503.92,0,38577.512679778,0
2024-03-28 00:00:00.000,ETH,10.93266,3572.68,39058.8957288,39329.825923335,0.9931113299
2024-03-28 00:00:00.000,USDC,270.659535,1.001,270.930194535,39329.825923335,0.006888670066
2024-03-28 00:00:00.000,WETH,0,3572.68,0,39329.825923335,0
2024-03-29 00:00:00.000,ETH,10.93266,3519.18,38473.9984188,38744.928613335,0.9930073379
2024-03-29 00:00:00.000,USDC,270.659535,1.001,270.930194535,38744.928613335,0.006992662117
2024-03-29 00:00:00.000,WETH,0,3519.18,0,38744.928613335,0
2024-03-30 00:00:00.000,ETH,10.93266,3506.56,38336.0282496,38606.469091696,0.9929949346
2024-03-30 00:00:00.000,USDC,270.659535,0.999192,270.440842096,38606.469091696,0.007005065432
2024-03-30 00:00:00.000,WETH,0,3506.56,0,38606.469091696,0
2024-03-31 00:00:00.000,ETH,10.93266,3641.1,39806.908326,40077.838520535,0.9932399
2024-03-31 00:00:00.000,USDC,270.659535,1.001,270.930194535,40077.838520535,0.006760099959
2024-03-31 00:00:00.000,WETH,0,3641.1,0,40077.838520535,0
2024-04-01 00:00:00.000,ETH,10.93266,3508.17,38353.6298322,38624.275022245,0.9929928733
2024-04-01 00:00:00.000,USDC,270.659535,0.999947,270.645190045,38624.275022245,0.007007126733
2024-04-01 00:00:00.000,WETH,0,3508.17,0,38624.275022245,0
2024-04-02 00:00:00.000,ETH,10.93266,3289.01,35957.6280666,36227.864019428,0.9925406601
2024-04-02 00:00:00.000,USDC,270.659535,0.998435,270.235952828,36227.864019428,0.007459339935
2024-04-02 00:00:00.000,WETH,0,3289.01,0,36227.864019428,0
2024-04-03 00:00:00.000,ETH,10.93266,3317.81,36272.4886746,36543.04941887,0.9925961093
2024-04-03 00:00:00.000,USDC,270.659535,0.999635,270.56074427,36543.04941887,0.007403890714
2024-04-03 00:00:00.000,WETH,0,3317.81,0,36543.04941887,0
2024-04-04 00:00:00.000,ETH,10.93266,3325.29,36354.2649714,36624.869291855,0.9926114598
2024-04-04 00:00:00.000,USDC,270.659535,0.999796,270.604320455,36624.869291855,0.007388540237
2024-04-04 00:00:00.000,WETH,0,3325.29,0,36624.869291855,0
2024-04-05 00:00:00.000,ETH,10.93266,3324.77,36348.5799882,36619.2395232,0.9926088161
2024-04-05 00:00:00.000,USDC,270.659535,1,270.659535,36619.2395232,0.007391183938
2024-04-05 00:00:00.000,WETH,0,3324.77,0,36619.2395232,0
2024-04-06 00:00:00.000,ETH,10.93266,3383.24,36987.8126184,37258.110281602,0.9927452664
2024-04-06 00:00:00.000,USDC,270.659535,0.998663,270.297663202,37258.110281602,0.007254733564
2024-04-06 00:00:00.000,WETH,0,3383.24,0,37258.110281602,0
2024-04-07 00:00:00.000,ETH,10.93266,3431.04,37510.3937664,37781.323960935,0.9928289915
2024-04-07 00:00:00.000,USDC,270.659535,1.001,270.930194535,37781.323960935,0.007171008481
2024-04-07 00:00:00.000,WETH,0,3431.04,0,37781.323960935,0
2024-04-08 00:00:00.000,ETH,10.93266,3710.33,40563.7763778,40834.345783175,0.9933739748
2024-04-08 00:00:00.000,USDC,270.659535,0.999667,270.569405375,40834.345783175,0.006626025229
2024-04-08 00:00:00.000,WETH,0,3710.33,0,40834.345783175,0
2024-04-09 00:00:00.000,ETH,10.93266,3498.3,38245.724478,38516.282245015,0.9929754963
2024-04-09 00:00:00.000,USDC,270.659535,0.999624,270.557767015,38516.282245015,0.007024503697
2024-04-09 00:00:00.000,WETH,0,3498.3,0,38516.282245015,0
2024-04-10 00:00:00.000,ETH,10.93266,3537.7,38676.471282,38947.130817,0.9930505912
2024-04-10 00:00:00.000,USDC,270.659535,1,270.659535,38947.130817,0.006949408835
2024-04-10 00:00:00.000,WETH,0,3537.7,0,38947.130817,0
2024-04-11 00:00:00.000,ETH,10.93266,3499.94,38263.6540404,38534.11572328,0.9929812407
2024-04-11 00:00:00.000,USDC,270.659535,0.999269,270.46168288,38534.11572328,0.007018759294
2024-04-11 00:00:00.000,WETH,0,3499.94,0,38534.11572328,0
2024-04-12 00:00:00.000,ETH,10.93266,3218.62,35188.0781292,35458.7376642,0.9923669157
2024-04-12 00:00:00.000,USDC,270.659535,1,270.659535,35458.7376642,0.007633084335
2024-04-12 00:00:00.000,WETH,0,3218.62,0,35458.7376642,0
2024-04-13 00:00:00.000,ETH,10.93266,3044.59,33285.4673094,33555.946043831,0.9919394693
2024-04-13 00:00:00.000,USDC,270.659535,0.999332,270.478734431,33555.946043831,0.008060530735
2024-04-13 00:00:00.000,WETH,0,3044.59,0,33555.946043831,0
2024-04-14 00:00:00.000,ETH,10.93266,3162.11,34570.2735126,34841.47436667,0.9922161487
2024-04-14 00:00:00.000,USDC,270.659535,1.002,271.20085407,34841.47436667,0.007783851258
2024-04-14 00:00:00.000,WETH,0,3162.11,0,34841.47436667,0
2024-04-15 00:00:00.000,ETH,10.93266,3109.36,33993.5756976,34264.2352326,0.9921008149
2024-04-15 00:00:00.000,USDC,270.659535,1,270.659535,34264.2352326,0.007899185059
2024-04-15 00:00:00.000,WETH,0,3109.36,0,34264.2352326,0
2024-04-16 00:00:00.000,ETH,10.94476,3092.99,33852.0332324,34122.6927674,0.9920680488
2024-04-16 00:00:00.000,USDC,270.659535,1,270.659535,34122.6927674,0.007931951234
2024-04-16 00:00:00.000,WETH,0,3092.99,0,34122.6927674,0
2024-04-17 00:00:00.000,ETH,10.94476,2990.66,32732.0559416,33002.672712393,0.9918001559
2024-04-17 00:00:00.000,USDC,270.659535,0.999842,270.616770793,33002.672712393,0.00819984409
2024-04-17 00:00:00.000,WETH,0,2990.66,0,33002.672712393,0
2024-04-18 00:00:00.000,ETH,10.94476,3072.94,33632.5907944,33903.206211896,0.9920179992
2024-04-18 00:00:00.000,USDC,270.659535,0.999837,270.615417496,33903.206211896,0.007982000753
2024-04-18 00:00:00.000,WETH,0,3072.94,0,33903.206211896,0
2024-04-19 00:00:00.000,ETH,10.94476,3050.67,33388.8509892,33659.150547018,0.9919695074
2024-04-19 00:00:00.000,USDC,270.659535,0.99867,270.299557818,33659.150547018,0.008030492553
2024-04-19 00:00:00.000,WETH,0,3050.67,0,33659.150547018,0
2024-04-20 00:00:00.000,ETH,10.94476,3157.27,34555.5624052,34826.492599735,0.9922205719
2024-04-20 00:00:00.000,USDC,270.659535,1.001,270.930194535,34826.492599735,0.007779428082
2024-04-20 00:00:00.000,WETH,0,3157.27,0,34826.492599735,0
2024-04-21 00:00:00.000,ETH,10.94476,3146.88,34441.8463488,34712.399785262,0.9922058562
2024-04-21 00:00:00.000,USDC,270.659535,0.999608,270.553436462,34712.399785262,0.007794143826
2024-04-21 00:00:00.000,WETH,0,3146.88,0,34712.399785262,0
2024-04-22 00:00:00.000,ETH,10.94476,3214.25,35179.19483,35449.658407497,0.9923704885
2024-04-22 00:00:00.000,USDC,270.659535,0.999276,270.463577497,35449.658407497,0.007629511528
2024-04-22 00:00:00.000,WETH,0,3214.25,0,35449.658407497,0
2024-04-23 00:00:00.000,ETH,10.94476,3215.17,35189.2640092,35460.194203735,0.9923595964
2024-04-23 00:00:00.000,USDC,270.659535,1.001,270.930194535,35460.194203735,0.007640403574
2024-04-23 00:00:00.000,WETH,0,3215.17,0,35460.194203735,0
2024-04-24 00:00:00.000,ETH,10.94476,3124.57,34197.6687532,34468.239782532,0.992150135
2024-04-24 00:00:00.000,USDC,270.659535,0.999673,270.571029332,34468.239782532,0.007849865007
2024-04-24 00:00:00.000,WETH,0,3124.57,0,34468.239782532,0
2024-04-25 00:00:00.000,ETH,10.94476,3158.17,34565.4126892,34836.0722242,0.9922304807
2024-04-25 00:00:00.000,USDC,270.659535,1,270.659535,34836.0722242,0.007769519286
2024-04-25 00:00:00.000,WETH,0,3158.17,0,34836.0722242,0
2024-04-26 00:00:00.000,ETH,10.94476,3128.96,34245.7162496,34516.374972621,0.9921585415
2024-04-26 00:00:00.000,USDC,270.659535,0.999997,270.658723021,34516.374972621,0.007841458532
2024-04-26 00:00:00.000,WETH,0,3128.96,0,34516.374972621,0
2024-04-27 00:00:00.000,ETH,10.94476,3251.54,35587.3249304,35857.9844654,0.9924519033
2024-04-27 00:00:00.000,USDC,270.659535,1,270.659535,35857.9844654,0.007548096722
2024-04-27 00:00:00.000,WETH,0,3251.54,0,35857.9844654,0
2024-04-28 00:00:00.000,ETH,10.95476,3271.24,35835.6491024,36106.3086374,0.9925038159
2024-04-28 00:00:00.000,USDC,270.659535,1,270.659535,36106.3086374,0.007496184052
2024-04-28 00:00:00.000,WETH,0,3271.24,0,36106.3086374,0
2024-04-29 00:00:00.000,ETH,10.95476,3226.48,35345.3140448,35615.9735798,0.9924006139
2024-04-29 00:00:00.000,USDC,270.659535,1,270.659535,35615.9735798,0.007599386112
2024-04-29 00:00:00.000,WETH,0,3226.48,0,35615.9735798,0
2024-04-30 00:00:00.000,ETH,10.95476,3004.95,32918.506062,33189.436256535,0.9918368546
2024-04-30 00:00:00.000,USDC,270.659535,1.001,270.930194535,33189.436256535,0.008163145419
2024-04-30 00:00:00.000,WETH,0,3004.95,0,33189.436256535,0
2024-05-01 00:00:00.000,ETH,10.95476,2963.04,32459.3920704,32730.0516054,0.9917305497
2024-05-01 00:00:00.000,USDC,270.659535,1,270.659535,32730.0516054,0.008269450298
2024-05-01 00:00:00.000,WETH,0,2963.04,0,32730.0516054,0
2024-05-02 00:00:00.000,ETH,10.95476,2992.35,32780.476086,33051.135621,0.9918108855
2024-05-02 00:00:00.000,USDC,270.659535,1,270.659535,33051.135621,0.008189114532
2024-05-02 00:00:00.000,WETH,0,2992.35,0,33051.135621,0
2024-05-03 00:00:00.000,ETH,10.96476,3113,34133.29788,34404.228074535,0.9921250902
2024-05-03 00:00:00.000,USDC,270.659535,1.001,270.930194535,34404.228074535,0.00787490985
2024-05-03 00:00:00.000,WETH,0,3113,0,34404.228074535,0
2024-05-04 00:00:00.000,ETH,10.96476,3116.75,34174.41573,34445.075265,0.9921422864
2024-05-04 00:00:00.000,USDC,270.659535,1,270.659535,34445.075265,0.00785771356
2024-05-04 00:00:00.000,WETH,0,3116.75,0,34445.075265,0
2024-05-05 00:00:00.000,ETH,10.97476,3138.46,34443.8452696,34714.775464135,0.9921955366
2024-05-05 00:00:00.000,USDC,270.659535,1.001,270.930194535,34714.775464135,0.0078044634
2024-05-05 00:00:00.000,WETH,0,3138.46,0,34714.775464135,0
2024-05-06 00:00:00.000,ETH,10.98809,3072.82,33764.4227138,34035.0822488,0.9920476309
2024-05-06 00:00:00.000,USDC,270.659535,1,270.659535,34035.0822488,0.007952369059
2024-05-06 00:00:00.000,WETH,0,3072.82,0,34035.0822488,0
2024-05-07 00:00:00.000,ETH,10.99809,3014.26,33151.1027634,33421.758509167,0.9919018101
2024-05-07 00:00:00.000,USDC,270.659535,0.999986,270.655745767,33421.758509167,0.008098189857
2024-05-07 00:00:00.000,WETH,0,3014.26,0,33421.758509167,0
2024-05-08 00:00:00.000,ETH,11.00809,2962.51,32611.5767059,32881.907389565,0.9917787408
2024-05-08 00:00:00.000,USDC,270.659535,0.998785,270.330683665,32881.907389565,0.008221259201
2024-05-08 00:00:00.000,WETH,0,2962.51,0,32881.907389565,0
2024-05-09 00:00:00.000,ETH,11.01809,3032.45,33411.8070205,33682.375884556,0.9919670493
2024-05-09 00:00:00.000,USDC,270.659535,0.999665,270.568864056,33682.375884556,0.008032950674
2024-05-09 00:00:00.000,WETH,0,3032.45,0,33682.375884556,0
2024-05-10 00:00:00.000,ETH,11.02909,2910.61,32101.3796449,32377.498426102,0.9914718927
2024-05-10 00:00:00.000,USDC,270.659535,0.999738,270.588622202,32377.498426102,0.008357304775
2024-05-10 00:00:00.000,WETH,0.0019,2910.61,5.530159,32377.498426102,0.0001708025409
2024-05-11 00:00:00.000,ETH,11.04724,2915.79,32211.4319196,32487.6314556,0.9914983172
2024-05-11 00:00:00.000,USDC,270.659535,1,270.659535,32487.6314556,0.008331156285
2024-05-11 00:00:00.000,WETH,0.0019,2915.79,5.540001,32487.6314556,0.0001705264666
2024-05-12 00:00:00.000,ETH,11.06264,2930.86,32423.0490704,32699.271014231,0.9915526574
2024-05-12 00:00:00.000,USDC,270.659535,0.999977,270.653309831,32699.271014231,0.008277044149
2024-05-12 00:00:00.000,WETH,0.0019,2930.86,5.568634,32699.271014231,0.0001702984142
2024-05-13 00:00:00.000,ETH,11.090865,2946.31,32677.12645815,32953.367201259,0.9916172226
2024-05-13 00:00:00.000,USDC,270.659535,0.999938,270.642754109,32953.367201259,0.008212901354
2024-05-13 00:00:00.000,WETH,0.0019,2946.31,5.597989,32953.367201259,0.0001698760848
2024-05-14 00:00:00.000,ETH,11.126045,2881.98,32065.0391691,32341.14550553,0.9914626915
2024-05-14 00:00:00.000,USDC,270.659535,0.999893,270.63057443,32341.14550553,0.008367995944
2024-05-14 00:00:00.000,WETH,0.0019,2881.98,5.475762,32341.14550553,0.0001693125557
2024-05-15 00:00:00.000,ETH,11.230723,3021.48,33933.40493004,34209.80527704,0.991920435
2024-05-15 00:00:00.000,USDC,270.659535,1,270.659535,34209.80527704,0.00791175316
2024-05-15 00:00:00.000,WETH,0.0019,3021.48,5.740812,34209.80527704,0.0001678118877
2024-05-16 00:00:00.000,ETH,11.230723,"null","null","null","null"
2024-05-16 00:00:00.000,USDC,270.659535,"null","null","null","null"
2024-05-16 00:00:00.000,WETH,0.0019,"null","null","null","null"
