DAY,DEFI_TREASURY_INDEX,NON_DEFI_TREASURY_INDEX,SIRLOIN_INDEX,WBTC_NORMALIZED_PRICE,WBTC_DAILY_RETURN,WETH_NORMALIZED_PRICE,WETH_DAILY_RETURN
2024-05-27 00:00:00.000,301.334816904,163.39645961,162.449113546,224.353600865,0.002169180377,199.579742109,0.02713026917
2024-05-26 00:00:00.000,300.25797946,161.822516959,161.352003219,223.867990812,0.0001557417078,194.308110762,0.01517745072
2024-05-25 00:00:00.000,300.11411844,159.395349116,159.249398877,223.833130658,0.01563870832,191.403099649,0.004335743358
2024-05-24 00:00:00.000,297.159985926,158.784533978,158.80339341,220.386569383,-0.01268972697,190.576807522,-0.01611308378
2024-05-23 00:00:00.000,296.731154138,159.758787726,159.743389939,223.219159573,-0.01638226678,193.697877652,0.01036910979
2024-05-22 00:00:00.000,292.205988392,158.868091044,159.067313663,226.936900419,-0.01052418253,191.710015454,0.007634024345
2024-05-21 00:00:00.000,295.781638421,161.067464361,160.349416934,229.350628293,0.0449859667,190.257584423,0.1699537676
2024-05-20 00:00:00.000,305.601122056,156.614450479,156.792096502,219.477232806,0.01199868917,162.619745925,0.02781624491
2024-05-19 00:00:00.000,270.177819472,136.411798927,140.763066738,216.87501689,-0.002185740715,158.218695929,-0.005745747624
2024-05-18 00:00:00.000,277.217958281,138.436141242,142.051761074,217.350087826,0.0112166159,159.133034182,0.02704794902
2024-05-17 00:00:00.000,279.152410741,137.528211968,141.157090405,214.939197406,0.007555566253,154.942166365,0.01685032288
2024-05-16 00:00:00.000,270.506657535,132.205444997,137.007835875,213.327388191,0.03624952908,152.37460507,0.01332622677
2024-05-15 00:00:00.000,274.015114688,135.02562863,139.505830322,205.864883124,0.02480480626,150.370730615,0.01063801013
2024-05-14 00:00:00.000,260.069859967,129.922678267,135.358440502,200.882042967,-0.005171112432,148.78792318,-0.01005853928
2024-05-13 00:00:00.000,265.299990139,132.407508874,137.091076213,201.926226186,0.01852759306,150.299718806,0.005494503146
2024-05-12 00:00:00.000,267.617204013,132.143216229,136.642243136,198.253073909,0.0036506436,149.478409216,0.003011847218
2024-05-11 00:00:00.000,268.298038902,131.778059156,136.060337797,197.531955141,-0.01846207145,149.029554966,-0.02256062154
2024-05-10 00:00:00.000,266.186063714,131.604205436,136.023579302,201.247399,0.005311282747,152.469358458,-0.004500935569
2024-05-09 00:00:00.000,277.234876719,135.80734728,139.43666446,200.184164302,-0.007634492797,153.15871597,-0.001720805158
2024-05-08 00:00:00.000,273.642651588,132.907708647,137.79872283,201.724226456,-0.01909883511,153.422726589,-0.02201533292
2024-05-07 00:00:00.000,266.972741593,134.575858019,138.97742078,205.651938927,-0.006986190725,156.87641305,-0.01798865366
2024-05-06 00:00:00.000,275.708893002,136.46143571,140.287087742,207.098770436,0.00216486305,159.750102312,-0.00005797725745
2024-05-05 00:00:00.000,279.155457482,138.675723799,142.180199558,206.65139846,0.00550605765,159.759364722,0.001790632818
2024-05-04 00:00:00.000,275.920508875,137.805074893,141.503429985,205.519794622,0.045401593,159.473805692,0.02893112365
2024-05-03 00:00:00.000,276.366120106,137.767278147,141.179350261,196.594108904,0.03824765787,154.989777281,0.02370171413
2024-05-02 00:00:00.000,264.442198444,133.582665528,138.032473298,189.351844345,0.001850866883,151.401306788,0.00949580679
2024-05-01 00:00:00.000,257.631012271,132.364772394,137.676356853,189.002026753,-0.05610580654,149.977152722,-0.04323146365
2024-04-30 00:00:00.000,253.821327275,133.773039535,138.796124871,200.236454533,-0.01616805107,156.75385114,-0.03895414041
2024-04-29 00:00:00.000,262.225897079,141.02477903,144.051550802,203.527090934,-0.01513547654,163.107566175,-0.03311964032
2024-04-28 00:00:00.000,266.386698356,142.432771267,145.334290663,206.654911498,0.00992924005,168.694673071,0.0459461793
2024-04-27 00:00:00.000,268.547852953,141.996693138,145.01597235,204.623159033,-0.01602515789,161.284276772,0.005310872869
2024-04-26 00:00:00.000,262.47965034,137.936511961,141.629220789,207.955681665,-0.001144827121,160.432241533,-0.001547926486
2024-04-25 00:00:00.000,265.983346976,139.051111802,142.325208944,208.194027834,-0.02379928143,160.680963853,-0.02167040735
2024-04-24 00:00:00.000,272.036760366,137.941594875,141.703998042,213.269693285,-0.01124186036,164.240114028,0.003947653053
2024-04-23 00:00:00.000,283.79556614,141.153936658,143.910788828,215.694500743,0.006734667107,163.594300488,0.001387440516
2024-04-22 00:00:00.000,290.352304678,141.152494061,143.444349203,214.251587623,0.01633584136,163.367637609,0.0114209986
2024-04-21 00:00:00.000,286.701855497,138.849700466,142.000171942,210.807863802,0.01230843897,161.522884966,0.02500060467
2024-04-20 00:00:00.000,290.410336999,139.369279094,142.15124316,208.244696663,0.007226690525,157.583209444,0.007641926451
2024-04-19 00:00:00.000,272.9163197,135.210185233,139.708193922,206.750574247,0.02240775077,156.388103063,0.009787826172
2024-04-18 00:00:00.000,272.933123615,136.087074035,139.673163156,202.21929469,-0.003065492427,154.872240494,-0.004249729446
2024-04-17 00:00:00.000,267.43691404,133.263507429,137.339470986,202.841102554,-0.006975258174,155.533214576,-0.009199721986
2024-04-16 00:00:00.000,277.562382733,136.658508514,140.075234532,204.265910012,-0.03123023479,156.97736267,-0.02908099627
2024-04-15 00:00:00.000,281.108877174,137.091648467,140.447186321,210.850830969,0.01355777643,161.679153531,0.03836269395
2024-04-14 00:00:00.000,286.219298235,139.260053506,141.928948487,208.030401297,-0.03454034106,155.705857378,-0.04653551299
2024-04-13 00:00:00.000,270.788050266,134.655831055,138.415636012,215.472909066,-0.04451498522,163.305355887,-0.07024201423
2024-04-12 00:00:00.000,296.668022336,141.111317114,144.108421397,225.511552493,-0.0137017144,175.642864474,-0.02912680208
2024-04-11 00:00:00.000,323.171674025,151.162887029,150.919616787,228.644372382,0.01914774958,180.912260066,0.009777518636
2024-04-10 00:00:00.000,331.532984948,152.666756865,151.700423767,224.34860154,-0.0144478838,179.160514794,-0.02613670942
2024-04-09 00:00:00.000,323.043515224,151.469809018,150.786076639,227.637481421,-0.01282988045,183.968855307,0.006445975639
2024-04-08 00:00:00.000,334.782687543,158.417774871,155.543794792,230.59600054,0.02470681336,182.790591606,0.05404979311
2024-04-07 00:00:00.000,321.26874485,149.316824567,149.229811516,225.036076206,0.01924550379,173.417416141,0.01636947604
2024-04-06 00:00:00.000,324.294190103,147.658183578,146.839515494,220.786920686,0.009017932125,170.624384369,0.01313770364
2024-04-05 00:00:00.000,314.326177091,145.712384844,145.909859918,218.813673828,0.008698360298,168.411839532,-0.0119572543
2024-04-04 00:00:00.000,323.208911871,145.929275952,145.901592807,216.926766653,0.01304644942,170.449952964,0.006416411208
2024-04-03 00:00:00.000,319.228325523,145.595493297,145.645510289,214.133090123,-0.004938266954,169.363248717,-0.004922357092
2024-04-02 00:00:00.000,321.87065563,144.708063946,144.545241804,215.195784353,-0.04802936968,170.201039008,-0.05757929282
2024-04-01 00:00:00.000,346.097490111,152.104720655,150.41817925,226.052965815,-0.01049175015,180.599850694,-0.01832449674
2024-03-31 00:00:00.000,352.580201953,156.683954289,153.729646866,228.449804081,0.006320913116,183.971027182,0.0236996614
2024-03-30 00:00:00.000,333.950856671,152.554586227,150.313412627,227.014862856,-0.0008088031082,179.711915632,-0.004599954452
2024-03-29 00:00:00.000,338.589750191,153.41644695,150.564624174,227.198621808,-0.003891435524,180.54240246,-0.005401146411
2024-03-28 00:00:00.000,328.778000762,154.826023805,151.630735015,228.086204567,0.009748356382,181.522833863,-0.001424705158
2024-03-27 00:00:00.000,333.924411552,152.115513664,150.080842554,225.884204837,-0.009128890907,181.781819359,-0.01492564696
2024-03-26 00:00:00.000,335.438519092,154.914499653,152.450210869,227.965274963,0.02975111479,184.536140646,0.02767524284
2024-03-25 00:00:00.000,324.449947966,155.28736853,152.416374248,221.379002837,0.04836384507,179.566591616,0.0422869837
2024-03-24 00:00:00.000,311.624016467,150.201333224,148.849626434,211.166193758,0.01083573509,172.281333668,0.002903341402
2024-03-23 00:00:00.000,296.654041233,147.162343632,146.269058175,208.902580732,-0.003287802639,171.782590162,-0.01455183649
2024-03-22 00:00:00.000,295.912388457,145.122295134,145.271645218,209.5916768,-0.03043963077,174.319255464,-0.02846384052
2024-03-21 00:00:00.000,307.843869717,150.792342016,149.762694426,216.171868666,0.04642529178,179.426420481,0.06836882101
2024-03-20 00:00:00.000,309.553771667,151.824098889,150.241811017,206.581272801,-0.007736744311,167.944268825,-0.008640060009
2024-03-19 00:00:00.000,282.870546052,139.440039781,141.201938786,208.192001081,-0.04966117679,169.407963799,-0.06927840898
2024-03-18 00:00:00.000,299.242537816,152.184487352,150.060208574,219.071341711,0.009893719133,182.017872405,-0.004257388606
2024-03-17 00:00:00.000,314.711406743,155.437624181,153.05410031,216.925145251,-0.01684476751,182.796106466,-0.02624348246
2024-03-16 00:00:00.000,303.835196123,151.384765837,150.172373111,220.641805161,-0.004803602031,187.722601259,-0.01079915691
2024-03-15 00:00:00.000,328.243026715,158.041693932,155.302041743,221.706796379,-0.05170165843,189.771978634,-0.05383762742
2024-03-14 00:00:00.000,335.83338493,163.538156397,158.833854849,233.794352115,-0.006950095901,200.570202466,-0.0224686499
2024-03-13 00:00:00.000,346.479628395,167.791978211,161.825086927,235.430617484,0.01426672946,205.180327408,0.004419570232
2024-03-12 00:00:00.000,333.785990755,166.572716238,161.003719143,232.119037968,0.00876163834,204.277508612,0.004052970565
2024-03-11 00:00:00.000,332.293958032,169.811675541,163.297381806,230.10295906,0.02428277314,203.452919916,0.01489063732
2024-03-10 00:00:00.000,303.64933038,162.996205987,158.667035538,224.647885421,0.01350779659,200.467826221,0.001838254855
2024-03-09 00:00:00.000,319.202625767,165.060139243,159.550216484,221.653830563,0.008677109696,200.09999144,0.0002535359322
2024-03-08 00:00:00.000,281.409887738,164.516040791,158.948740052,219.747061208,0.01260756653,200.049271762,0.02695372623
2024-03-07 00:00:00.000,271.728271699,162.549267798,158.24489453,217.011079584,0.01159228416,194.798720382,0.01192974686
2024-03-06 00:00:00.000,260.956660272,161.616743823,156.910227215,214.524253479,-0.002113689202,192.502217655,0.03179917216
2024-03-05 00:00:00.000,245.473406894,151.079874509,150.904513344,214.978651534,0.01672260251,186.569463176,0.03717373374
2024-03-04 00:00:00.000,258.422361286,152.823062978,152.107345092,211.442778003,0.04829256758,179.882556902,0.02556604564
2024-03-03 00:00:00.000,257.304825727,149.736267377,148.368685988,201.702067288,0.002935311617,175.398315562,0.005748733323
2024-03-02 00:00:00.000,257.493009767,147.726163213,146.800341271,201.111741657,0.001801108126,174.39576084,0.004351772531
2024-03-01 00:00:00.000,256.647122701,147.919894899,147.117494348,200.750168896,-0.00235888173,173.640118542,-0.008568424605
2024-02-29 00:00:00.000,250.542736255,145.290211989,145.004910136,201.224834482,0.0482252671,175.140799276,0.03846595244
2024-02-28 00:00:00.000,258.244725179,144.023635735,145.582395683,191.967166599,0.04952552474,168.653386145,0.0207641683
2024-02-27 00:00:00.000,266.556527975,140.9485857,142.001615673,182.908525875,0.07836492657,165.22267472,0.03915819241
2024-02-26 00:00:00.000,260.691282574,138.348847721,140.222183522,169.616538306,0.01203886814,158.996653183,0.02423798255
2024-02-25 00:00:00.000,256.651137179,136.163486317,138.626536877,167.598837995,0.01068619814,155.234091971,0.02661773167
2024-02-24 00:00:00.000,252.176527179,132.714551811,135.345715351,165.826780165,0.001487603441,151.209244864,0.003267183441
2024-02-23 00:00:00.000,240.512012084,130.961867066,133.577174126,165.5804621,-0.009052638729,150.716825348,-0.005854673479
2024-02-22 00:00:00.000,229.737667298,132.260248283,134.734735947,167.093095528,0.001783794891,151.604419724,0.01096851281
2024-02-21 00:00:00.000,233.052618925,130.049121119,134.77728657,166.795566448,-0.00812732176,149.959586083,0.00008122539009
2024-02-20 00:00:00.000,239.058622705,133.343682908,135.802395002,168.162275368,-0.005591296684,149.947406547,0.01006213443
2024-02-19 00:00:00.000,240.265713883,132.181768238,133.983982348,169.10780729,0.008062361822,148.453646004,0.03602115617
2024-02-18 00:00:00.000,236.252967773,129.291022466,131.953141974,167.755303337,0.003443800028,143.29209893,0.01155880731
2024-02-17 00:00:00.000,227.88986957,126.03977456,129.554108813,167.179570328,-0.00807698752,141.654739096,-0.01304628538
2024-02-16 00:00:00.000,229.075903311,125.683523331,130.067931869,168.540872855,-0.0004759748871,143.527236382,0.00340471444
2024-02-15 00:00:00.000,228.750728974,126.512116486,130.565959562,168.621132279,0.02382847111,143.040225262,0.03461917156
2024-02-14 00:00:00.000,228.444762163,124.815086966,129.319900854,164.696662613,0.02442648522,138.253986775,0.02299281223
2024-02-13 00:00:00.000,222.999518695,120.697338898,125.285104199,160.769625726,0.01920447888,135.146586685,0.04518878447
2024-02-12 00:00:00.000,224.221962211,121.109240444,125.674853139,157.740305364,0.01279619949,129.303517885,0.007163707289
2024-02-11 00:00:00.000,219.33888865,116.057365438,121.328763912,155.747331442,0.01612759622,128.383813822,0.006788712997
2024-02-10 00:00:00.000,217.579343842,116.367863029,121.189616616,153.275368193,0.0140088798,127.518129836,0.008826102286
2024-02-09 00:00:00.000,205.311361629,116.156350225,120.927905201,151.157816511,0.04099130242,126.402488543,0.01855469621
2024-02-08 00:00:00.000,192.221878159,113.896200927,118.892366112,145.205647885,0.03625010004,124.099853462,0.01889354727
2024-02-07 00:00:00.000,193.372589567,113.5683273,118.962886789,140.126064045,0.008438391863,121.798645005,0.02069911368
2024-02-06 00:00:00.000,181.215872627,111.805267637,117.457673617,138.953519795,0.004644954938,119.328647761,0.01561142796
2024-02-05 00:00:00.000,178.273277004,109.136816932,115.195773517,138.311071102,-0.003234552763,117.494392516,0.0009034962275
2024-02-04 00:00:00.000,176.300812796,108.665457643,114.95992497,138.759897311,-0.004718796004,117.3883326,-0.004981205196
2024-02-03 00:00:00.000,177.40120177,109.11846175,115.080384927,139.417781381,0.001301322672,117.975995241,0.002763622332
2024-02-02 00:00:00.000,180.051048957,109.381002173,115.358125297,139.23658965,0.01403026081,117.650852717,0.01308435376
2024-02-01 00:00:00.000,179.501423874,108.969899783,115.260595706,137.310093231,-0.01102032395,116.131349063,-0.01784360469
2024-01-31 00:00:00.000,181.760483664,108.578480965,114.668271141,138.840156736,-0.01206702772,118.241198262,-0.006204819719
2024-01-30 00:00:00.000,190.322365512,114.310156911,116.437810545,140.536008647,0.02358478518,118.979444264,0.02459578661
2024-01-29 00:00:00.000,187.245950197,112.794933765,115.562059199,137.297867927,0.004250243806,116.123300348,0.0001094806181
2024-01-28 00:00:00.000,185.48098008,110.145803123,113.82876031,136.716788245,0.01004710614,116.110588489,0.0024790722
2024-01-27 00:00:00.000,184.789967116,111.218660758,114.134875488,135.35684367,0.02260403859,115.823453784,0.01310330197
2024-01-26 00:00:00.000,180.240337198,110.854763613,114.07688149,132.364863194,0.02377945699,114.32541337,0.0122796754
2024-01-25 00:00:00.000,175.930063652,108.99052232,112.730769743,129.29040751,0.001022392468,112.938564458,-0.007717803836
2024-01-24 00:00:00.000,172.939605111,109.492984258,113.175875212,129.158356979,0.01264990042,113.816981596,-0.01344590548
2024-01-23 00:00:00.000,168.532224212,109.736265525,113.33340977,127.544926361,-0.03216347288,115.368211665,-0.05586314345
2024-01-22 00:00:00.000,177.769280573,112.657262483,115.44584492,131.783542764,-0.02287404249,122.19437348,-0.03277294311
2024-01-21 00:00:00.000,188.177656107,117.589758906,119.617487906,134.86853128,0.001227768514,126.334734548,-0.0001013538446
2024-01-20 00:00:00.000,187.969863607,117.312057199,120.01207255,134.703146997,0.006424171466,126.347540357,0.0003707953001
2024-01-19 00:00:00.000,183.97176859,117.888203236,120.589499757,133.843314595,-0.02228261233,126.300708648,-0.01261943697
2024-01-18 00:00:00.000,187.58223526,117.127276078,119.926868947,136.893663019,-0.01077485572,127.914922956,-0.018842942
2024-01-17 00:00:00.000,198.522729527,119.401058315,121.65426722,138.384738611,-0.005818934112,130.371505676,0.002693437606
2024-01-16 00:00:00.000,198.144940651,122.116336791,123.368974757,139.194703418,0.007842296834,130.021301413,0.009567027622
2024-01-15 00:00:00.000,187.571942177,119.773497198,121.262789137,138.111591323,-0.003917535859,128.789171849,-0.00919046554
2024-01-14 00:00:00.000,183.950429539,118.359311614,120.410185548,138.654776382,-0.002210167277,129.98378333,-0.002510547168
2024-01-13 00:00:00.000,186.105730559,120.79311186,123.092929771,138.961905438,-0.04933227511,130.310935079,-0.02016556547
2024-01-12 00:00:00.000,185.223323886,119.979580914,121.228188056,146.172949601,-0.03211358838,132.992810302,-0.001925238336
2024-01-11 00:00:00.000,190.260483264,123.601447929,124.026659926,151.022834752,0.01865585648,133.249347053,0.08048064087
2024-01-10 00:00:00.000,185.502062171,120.603343769,123.250480088,148.256973925,-0.01988119412,123.32414114,0.05158083915
2024-01-09 00:00:00.000,170.002024844,112.444560011,115.749240731,151.26428861,0.04061099611,117.274998315,0.02011607098
2024-01-08 00:00:00.000,175.25945463,111.283421638,115.587921477,145.361032293,0.01672975055,114.962406388,0.003746800665
2024-01-07 00:00:00.000,171.109918651,108.409951841,112.271114701,142.969193352,0.006714187038,114.533273045,-0.0001552246332
2024-01-06 00:00:00.000,173.02213182,109.139729345,112.898949118,142.015673558,0.0006835881714,114.55105419,0.000177176242
2024-01-05 00:00:00.000,176.589775218,110.123628466,113.561564013,141.918659641,0.006923473663,114.53076206,-0.001030945833
2024-01-04 00:00:00.000,178.667897536,110.72458563,113.68433293,140.942845561,-0.01009719499,114.648958926,-0.02043551918
2024-01-03 00:00:00.000,173.612461995,108.378124383,111.825080692,142.380489123,-0.02969323346,117.040747364,-0.03640320099
2024-01-02 00:00:00.000,184.043064731,113.508263528,116.089848961,146.737603027,0.05822036607,121.462366297,0.03257342139
2024-01-01 00:00:00.000,184.564546546,113.204620938,115.889980128,138.664504797,0.00780807322,117.63073093,0.00375599138
2023-12-31 00:00:00.000,175.703984576,110.675207052,113.901690672,137.590190515,0.007255408172,117.190564181,-0.001598714788
2023-12-30 00:00:00.000,179.366458424,111.618779231,114.254105035,136.599108229,-0.007393225331,117.378218474,-0.01649313996
2023-12-29 00:00:00.000,178.251415507,111.743471005,114.355237937,137.616538306,-0.0127054198,119.346618965,-0.01915149296
2023-12-28 00:00:00.000,182.330602871,113.795278414,115.858525274,139.387515201,0.003748951597,121.676913518,0.04251128586
2023-12-27 00:00:00.000,181.827185702,114.66916695,116.638953328,138.866909877,0.003326720603,116.715200275,0.0211177155
2023-12-26 00:00:00.000,174.39072311,109.421687085,112.204911378,138.406470221,-0.01442466831,114.301415501,-0.01823210513
2023-12-25 00:00:00.000,180.835129121,110.968996911,113.631406966,140.432157513,-0.006659232897,116.424071411,-0.006214333993
2023-12-24 00:00:00.000,175.654904525,110.590789403,113.444403717,141.373597222,-0.0017659478,117.152093649,0.0009889663337
2023-12-23 00:00:00.000,177.121855082,111.32982474,114.710840884,141.623697279,-0.002803278098,117.03634864,-0.002173547297
2023-12-22 00:00:00.000,178.280259829,112.078534469,115.006116414,142.021823947,0.002559583979,117.2912868,0.03455865963
2023-12-21 00:00:00.000,173.513654635,109.198930909,112.346358012,141.659235238,0.01367918691,113.373258933,0.005121633849
2023-12-20 00:00:00.000,172.436605656,107.475232455,111.15854381,139.747601675,0.01133789065,112.795561368,-0.005049194097
2023-12-19 00:00:00.000,172.554107715,107.15523711,110.530338143,138.180921497,0.03211569806,113.367978295,0.02260275262
2023-12-18 00:00:00.000,177.155891337,109.237404483,111.659910316,133.881232266,-0.01390488114,110.862187692,-0.0213765748
2023-12-17 00:00:00.000,177.55777993,109.007378399,111.281955191,135.769085259,-0.007507694374,113.283807476,-0.01088033619
2023-12-16 00:00:00.000,176.362482235,109.609249246,111.965087648,136.796108634,-0.005757686162,114.529931637,-0.009804777058
2023-12-15 00:00:00.000,175.419203991,109.71523235,111.697825005,137.588298879,-0.008898868443,115.663991285,-0.005783683643
2023-12-14 00:00:00.000,183.754742995,112.253340244,114.659876779,138.823672477,0.03035299002,116.336846803,0.03787422596
2023-12-13 00:00:00.000,188.161614189,110.332716391,113.011488471,134.734089988,0.001177717938,112.091469172,-0.008151811426
2023-12-12 00:00:00.000,184.810549566,107.511365807,111.152111705,134.575597892,-0.008176617324,113.012727616,-0.01027517448
2023-12-11 00:00:00.000,184.564752656,109.088849646,111.77647719,135.685042562,-0.04338834315,114.186008779,-0.04752995388
2023-12-10 00:00:00.000,196.509778,113.858797292,115.632527815,141.839210917,-0.0061001993,119.884094249,-0.004520311432
2023-12-09 00:00:00.000,198.043194687,114.057159839,115.241853288,142.70976895,0.007933145144,120.428468432,-0.001184985823
2023-12-08 00:00:00.000,202.412838782,114.773021197,115.680917067,141.586542359,0.00374434971,120.571343765,0.03483827508
2023-12-07 00:00:00.000,204.763611682,114.408515038,115.576005266,141.05837049,-0.006546116865,116.512257682,0.005612768759
2023-12-06 00:00:00.000,195.217857649,110.34302391,111.951972303,141.987839481,0.03529360766,115.861951341,0.01475185743
2023-12-05 00:00:00.000,199.615851108,111.707271571,113.572142982,137.147412512,0.0229043636,114.177619378,0.001646796518
2023-12-04 00:00:00.000,205.947781121,109.879787758,112.05711661,134.076476152,0.04615832277,113.989901205,0.03088441452
2023-12-03 00:00:00.000,203.741587683,107.826190856,110.65229989,128.160789083,0.01636438838,110.574861351,0.02473776446
2023-12-02 00:00:00.000,201.591661293,106.992758386,109.727157291,126.097284151,0.01364860755,107.905520013,0.01120840721
2023-12-01 00:00:00.000,189.801067914,104.643242151,107.358716557,124.399405486,0.01587904079,106.709476744,0.02612347743
2023-11-30 00:00:00.000,186.116051743,103.278541912,106.26345233,122.454938522,-0.003955431877,103.992822591,-0.004810162023
2023-11-29 00:00:00.000,183.775319878,102.742740109,105.580076255,122.941224159,0.01416664252,104.495462697,0.006448205886
2023-11-28 00:00:00.000,190.141748118,103.410741322,106.138197647,121.223888664,0.007227698318,103.825971456,-0.00009781481298
2023-11-27 00:00:00.000,176.362661797,102.449189913,105.479111045,120.354006215,-0.01179864097,103.836128168,-0.02010049443
2023-11-26 00:00:00.000,182.688925174,103.898039572,106.702677962,121.790974193,-0.00379637714,105.966099154,-0.003226708413
2023-11-25 00:00:00.000,182.920284472,104.433906701,107.279158953,122.255100662,0.002412943481,106.309127711,-0.003091936027
2023-11-24 00:00:00.000,180.096030745,103.470614156,107.081415334,121.960816106,0.008130880369,106.638848208,0.01186655665
2023-11-23 00:00:00.000,177.194465849,102.938577157,106.55707305,120.977165248,0.01907829591,105.388252539,0.02272496688
2023-11-22 00:00:00.000,167.743996323,102.730310562,106.616766305,118.712336171,-0.0135971555,103.0465237,0.008162621638
2023-11-21 00:00:00.000,147.792741652,98.928429742,102.850985464,120.348736657,-0.003907425114,102.212204151,-0.009579458294
2023-11-20 00:00:00.000,156.651233405,101.826740769,105.24345773,120.820835022,0.01752631166,103.200812026,0.02862376466
2023-11-19 00:00:00.000,153.169632671,101.107071779,104.883472013,118.739764897,0.004883810813,100.329017831,0.009986789598
2023-11-18 00:00:00.000,148.257977752,99.582715958,103.377194638,118.162680719,0.004304216708,99.336960507,-0.007179612684
2023-11-17 00:00:00.000,147.089496917,99.409944958,103.142724022,117.656262667,-0.01615795272,100.055318944,-0.03270104493
2023-11-16 00:00:00.000,149.627844551,99.494910642,103.313035503,119.588569112,0.0181631822,103.437844546,0.00938414119
2023-11-15 00:00:00.000,149.973258737,102.503508801,106.159178678,117.455208756,0.001256630135,102.476193477,-0.01327843043
2023-11-14 00:00:00.000,141.429909879,100.388068611,103.882716911,117.307796244,-0.01860945134,103.855227896,-0.01444310162
2023-11-13 00:00:00.000,147.318839246,102.956315946,106.329513228,119.532225375,-0.005736365455,105.377201526,0.006344381572
2023-11-12 00:00:00.000,147.113209024,102.631455001,105.854178952,120.221861911,0.0005836424914,104.712863166,-0.005351527326
2023-11-11 00:00:00.000,144.728022943,102.377597856,105.91293454,120.151736252,0.003725977547,105.276251905,-0.01782505345
2023-11-10 00:00:00.000,145.656506444,103.597978936,106.866461401,119.705715444,0.009295007992,107.186863475,0.07216039449
2023-11-09 00:00:00.000,146.154504402,103.334087427,108.13850315,118.603296852,0.03245388389,99.972787679,0.03727049754
2023-11-08 00:00:00.000,140.561382739,97.265665995,100.857765187,114.875152006,0.01298232445,96.380633515,0.001288768118
2023-11-07 00:00:00.000,130.883000136,97.161606328,100.555383627,113.402918525,-0.0006786805022,96.256581102,-0.003314864018
2023-11-06 00:00:00.000,123.212296465,97.571102787,100.937437182,113.479935144,-0.0018397624,96.576719795,0.005082550449
2023-11-05 00:00:00.000,116.520559826,97.510370149,100.809773623,113.689096068,0.00834079331,96.08834593,0.02359949853
2023-11-04 00:00:00.000,115.73301169,95.732293571,99.572733416,112.74868261,0.006897761216,93.87299043,0.01976564892
2023-11-03 00:00:00.000,110.107720306,94.685228507,98.810724278,111.976296853,-0.01742220406,92.053493397,-0.01359475654
2023-11-02 00:00:00.000,105.622669628,93.432412795,97.728248298,113.961761924,0.01618560067,93.322185792,0.007214935917
2023-11-01 00:00:00.000,106.571656138,94.882971534,99.179503842,112.146601811,0.006104531002,92.653695318,0.005880324146
2023-10-31 00:00:00.000,99.035288889,93.687235032,98.139894947,111.466153223,-0.001433162459,92.112046626,0.0005898132998
2023-10-30 00:00:00.000,97.296357754,93.850295838,97.964274396,111.626131604,0.003677480021,92.057749741,0.00789385158
2023-10-29 00:00:00.000,95.624105314,93.604217547,97.550853382,111.21713282,0.007124722407,91.336750985,0.001116048767
2023-10-28 00:00:00.000,93.915436207,92.687701832,96.915642817,110.43034725,0.002919319292,91.234928356,0.001919303663
2023-10-27 00:00:00.000,93.513973064,92.81631791,97.053150572,110.108904202,-0.01089823339,91.060156264,-0.01253681151
2023-10-26 00:00:00.000,96.748961966,93.759256975,97.703908257,111.322118633,0.0001553837432,92.21625406,0.009163888124
2023-10-25 00:00:00.000,96.483929616,93.038673627,97.154197747,111.304823672,0.006984877508,91.378868334,-0.007951838199
2023-10-24 00:00:00.000,91.073192358,92.904931522,97.027121049,110.532765842,0.1029685189,92.111322668,0.06719088129
2023-10-23 00:00:00.000,90.530637969,92.712471499,96.322521331,100.213890015,0.03203170332,86.31194689,0.03355257723
2023-10-22 00:00:00.000,84.754784631,88.719979518,93.021275719,97.103499527,0.004329445962,83.509972102,0.01365762404
2023-10-21 00:00:00.000,84.287501277,87.673693481,91.823548243,96.684907445,0.01253132477,82.384791592,0.009526406287
2023-10-20 00:00:00.000,82.922094241,86.951121165,90.984253878,95.48831239,0.03292092051,81.607366661,0.02582955311
2023-10-19 00:00:00.000,79.445443252,85.48588568,89.677283787,92.444939873,0.003043501845,79.552559598,-0.008658333729
2023-10-18 00:00:00.000,80.095954589,85.416590001,89.592269375,92.164437238,0.0004223982541,80.247368092,-0.005513987495
2023-10-17 00:00:00.000,80.308351136,85.5168707,89.63515579,92.125523578,0.01824815338,80.692304449,0.0003563617838
2023-10-16 00:00:00.000,81.304516527,86.786673658,90.834670109,90.474530469,0.03655967244,80.663559039,0.01496315007
2023-10-15 00:00:00.000,81.018775303,85.529515518,89.322298189,87.283475206,0.00124616193,79.474372083,0.002236778438
2023-10-14 00:00:00.000,81.459124789,85.492863896,89.277533032,87.174841238,0.002722911153,79.297002258,0.004210878282
2023-10-13 00:00:00.000,82.241171646,85.255868906,89.081874573,86.938116471,0.001909053679,78.964492392,-0.001012862819
2023-10-12 00:00:00.000,82.905441517,84.953991247,88.600151785,86.772463181,-0.009710100231,79.044553682,-0.01023136417
2023-10-11 00:00:00.000,84.024779173,85.776044398,89.57635344,87.623294149,-0.0173512882,79.861647278,-0.008835750183
2023-10-10 00:00:00.000,82.712118858,86.019816806,89.666697478,89.170517498,-0.007180423755,80.57357526,-0.01563820586
2023-10-09 00:00:00.000,84.893869588,86.441397758,90.067239784,89.815430347,-0.008636644967,81.853619005,-0.01785285428
2023-10-08 00:00:00.000,86.253959323,88.263364657,91.828786881,90.597892177,-0.001087531378,83.341502708,-0.004799477641
2023-10-07 00:00:00.000,87.665182349,88.61908017,91.900987272,90.696527496,0.01074978994,83.743427415,0.00411585253
2023-10-06 00:00:00.000,88.548625521,88.909816762,92.247687802,89.731928118,0.000551420737,83.400164637,-0.0003493972706
2023-10-05 00:00:00.000,87.456312222,87.990786582,91.128208911,89.682475341,0.005716952514,83.429314611,-0.005743993877
2023-10-04 00:00:00.000,88.223854279,89.082254608,92.288197645,89.172679368,-0.0007842721636,83.911300608,-0.01013921005
2023-10-03 00:00:00.000,89.048621118,89.394756868,92.554518971,89.242669909,-0.01857396524,84.770809654,-0.02819333816
2023-10-02 00:00:00.000,90.443506624,89.426502727,92.814550679,90.931630861,0.03184532708,87.230117865,0.01462291663
2023-10-01 00:00:00.000,94.362446878,91.629263101,95.063132755,88.125253344,0.007840640602,85.972942691,0.004826239933
2023-09-30 00:00:00.000,92.990727875,89.679755399,93.012833376,87.439670315,0.0001962863246,85.560009556,0.006387092573
2023-09-29 00:00:00.000,92.914332037,89.472853113,92.840315359,87.422510472,0.01089461456,85.016998119,0.02143908214
2023-09-28 00:00:00.000,90.643744633,88.466372432,92.34681247,86.480340495,0.01380909614,83.232568251,0.01880559834
2023-09-27 00:00:00.000,87.092116596,86.547575557,90.517245603,85.302391569,0.003482575994,81.696221916,0.006847580582
2023-09-26 00:00:00.000,87.637858027,86.278145215,90.309375955,85.006350493,0.001450126627,81.140605084,0.004660412358
2023-09-25 00:00:00.000,89.026425741,86.094054303,90.12162026,84.883259019,-0.0133186535,80.764210559,-0.006952878715
2023-09-24 00:00:00.000,87.393015169,86.337925802,89.93675716,86.029050128,-0.0007909542455,81.329686002,-0.0009120975471
2023-09-23 00:00:00.000,86.929369786,86.654462731,90.368619574,86.097149034,-0.001075418841,81.403934331,0.0002048519297
2023-09-22 00:00:00.000,85.671648466,86.725575608,90.334963379,86.189839211,-0.006624671998,81.387261993,-0.005079925004
2023-09-21 00:00:00.000,83.760683726,86.398963611,90.002165321,86.764626402,-0.0128561063,81.802814154,-0.01834984284
2023-09-20 00:00:00.000,84.205648411,87.66720886,91.303950793,87.894608837,0.003104110286,83.331942197,-0.006565355161
2023-09-19 00:00:00.000,84.953672815,88.195576782,91.967112056,87.622618565,0.006435963175,83.882661663,0.001746937202
2023-09-18 00:00:00.000,84.446611463,87.960539518,91.731626777,87.06228888,0.01173862252,83.736379467,0.006848448788
2023-09-17 00:00:00.000,83.300311947,87.356189408,91.250334763,86.052155114,-0.001188777191,83.166815788,-0.004954023826
2023-09-16 00:00:00.000,84.356626223,87.963996949,91.645277507,86.154573706,0.002430496601,83.580877446,0.005724642713
2023-09-15 00:00:00.000,84.703909772,88.306164333,91.901714531,85.945683016,0.002016370407,83.105130268,0.001784137577
2023-09-14 00:00:00.000,84.815680613,87.723126239,91.348905012,85.772733414,0.01424860118,82.957123347,0.0167800018
2023-09-13 00:00:00.000,83.330260872,87.070451254,90.677622871,84.567761113,0.008761382867,81.588075297,0.005267304487
2023-09-12 00:00:00.000,82.412475632,86.652067639,90.207369213,83.833265775,0.01394635865,81.160577821,0.002675290027
2023-09-11 00:00:00.000,80.609271069,85.210911256,88.673277716,82.680178354,-0.01271545361,80.944029067,-0.02403571893
2023-09-10 00:00:00.000,84.286702556,87.416981253,91.008990704,83.745034455,-0.002844433004,82.937491297,-0.006384521235
2023-09-09 00:00:00.000,87.145946872,88.190366319,91.540593446,83.983921092,-0.004157587798,83.470409901,-0.001913371988
2023-09-08 00:00:00.000,86.555072854,88.329145499,91.570753094,84.334549385,0.006724291159,83.630426015,0.0009865562281
2023-09-07 00:00:00.000,85.843396572,88.560725705,91.899380066,83.771247129,0.004356052629,83.548001215,0.002758272069
2023-09-06 00:00:00.000,85.797306638,88.30096245,91.43607824,83.407917849,-0.001323367631,83.318186987,0.000965419117
2023-09-05 00:00:00.000,85.266833768,88.231269992,91.440902184,83.518443454,-0.005500861571,83.237827597,-0.002000500891
2023-09-04 00:00:00.000,84.411652064,88.073150164,91.313062903,83.980408053,-0.0008327211172,83.404678731,-0.001623341867
2023-09-03 00:00:00.000,83.988754938,88.073613398,91.542525688,84.050398595,0.00302168876,83.540293186,0.0002633621893
2023-09-02 00:00:00.000,84.277043436,88.178700551,91.485814509,83.797189569,-0.002914809742,83.518297624,-0.00216720251
2023-09-01 00:00:00.000,84.081541466,87.729476054,91.294318714,84.042156465,-0.03731138843,83.699691807,-0.02972671035
2023-08-31 00:00:00.000,86.414694431,88.337875311,91.775868718,87.299418997,-0.01609329482,86.264037874,-0.01419658954
2023-08-30 00:00:00.000,89.631186196,90.141190791,93.743582063,88.727334144,0.02569585455,87.506329313,0.0196635716
2023-08-29 00:00:00.000,89.558248839,90.649276605,94.497358293,86.504526415,0.02489150289,85.818824709,0.01980942828
2023-08-28 00:00:00.000,87.685379377,88.491637331,92.038739149,84.403594109,-0.001655727042,84.151825163,-0.002711178717
2023-08-27 00:00:00.000,88.491660771,88.646271516,92.117977499,84.543575193,0.001196878515,84.380596039,0.001352621946
2023-08-26 00:00:00.000,86.858617882,88.201429114,91.783930545,84.442507769,-0.0009974695604,84.266615166,-0.002508411572
2023-08-25 00:00:00.000,86.955305405,88.434684006,92.014520067,84.5268207,-0.009264640904,84.478522069,-0.006465130815
2023-08-24 00:00:00.000,86.471827851,88.500253915,92.2088318,85.317254425,0.004732210057,85.028240768,0.00586653125
2023-08-23 00:00:00.000,89.587867221,89.30501374,92.786063246,84.915416836,0.006405544639,84.532329217,0.001177714316
2023-08-22 00:00:00.000,87.021311812,87.879155197,91.243654272,84.374949331,-0.004079634204,84.432891392,-0.01173563128
2023-08-21 00:00:00.000,90.372374765,88.887253942,92.444276288,84.7205783,-0.002353236934,85.435531285,-0.0001146315741
2023-08-20 00:00:00.000,91.517156147,89.385785265,92.910353786,84.92041616,0.00567083552,85.445326018,0.004030779039
2023-08-19 00:00:00.000,90.734754924,89.743828847,92.402198292,84.441561951,-0.01116598023,85.102297461,-0.005633938077
2023-08-18 00:00:00.000,89.496005607,89.494203803,92.195770711,85.395081746,-0.06601495537,85.584475094,-0.05212990618
2023-08-17 00:00:00.000,91.08440675,90.790719966,93.070954826,91.430887718,-0.03094286447,90.291354956,-0.03002933625
2023-08-16 00:00:00.000,95.990208595,94.43536833,96.938719342,94.35035806,-0.007572322932,93.086686361,-0.008967908444
2023-08-15 00:00:00.000,102.484270259,95.229765184,97.540692672,95.070260776,-0.002434314621,93.929033332,-0.003692941335
2023-08-14 00:00:00.000,94.947513716,95.965279803,97.996313995,95.302256452,-0.0002112034201,94.277193477,-0.001997071563
2023-08-13 00:00:00.000,93.90279158,95.910502582,97.927188341,95.322388866,-0.0007761720836,94.465848537,0.0001021180363
2023-08-12 00:00:00.000,94.516724689,96.112898192,98.162931906,95.396432914,0.0003031955966,94.456202855,0.001000313656
2023-08-11 00:00:00.000,93.360371371,95.806952658,98.056480849,95.367517903,-0.002516972962,94.361811446,-0.002425948032
2023-08-10 00:00:00.000,93.578546292,95.51563908,98.186004268,95.608161059,-0.007289644104,94.591284988,-0.002717705472
2023-08-09 00:00:00.000,94.300046328,95.033174741,98.297790262,96.310228348,0.009867857138,94.849056789,0.008771079601
2023-08-08 00:00:00.000,94.469024009,95.079524692,98.250921099,95.369139305,0.01276308162,94.024361628,0.006251583747
2023-08-07 00:00:00.000,93.46822531,93.995878201,97.346024035,94.167274693,0.0006489777165,93.440212316,-0.001221750435
2023-08-06 00:00:00.000,93.025505196,94.362127848,97.458780965,94.106201865,0.0008104426396,93.554512582,0.0001438631443
2023-08-05 00:00:00.000,93.280036701,94.247269204,97.683045184,94.029995946,-0.004682561249,93.541055472,-0.002516265355
2023-08-04 00:00:00.000,93.088864243,93.8709191,97.393329137,94.472368599,-0.0005689062705,93.777023347,-0.001559501476
2023-08-03 00:00:00.000,92.077921074,94.271041885,97.587200986,94.526145116,-0.008707258978,93.923497179,-0.007372987331
2023-08-02 00:00:00.000,92.924967118,94.274863541,97.618387081,95.356438319,0.01425087343,94.621137628,0.007597244893
2023-08-01 00:00:00.000,95.023094717,95.160719341,98.613164898,94.016619376,-0.0113820422,93.90769785,-0.01405826922
2023-07-31 00:00:00.000,94.264214779,94.900568074,98.204365019,95.09904067,0.0006184400304,95.246701624,-0.005462068678
2023-07-29 00:00:00.000,97.305701574,95.393187549,99.016337844,95.135138051,0.002810276153,95.832635656,0.003892237127
2023-07-28 00:00:00.000,95.924540108,95.10314048,98.757987227,94.86853128,-0.003890112135,95.461078502,-0.00169700349
2023-07-27 00:00:00.000,94.708761541,95.57453998,98.262609098,95.239021754,0.003196616084,95.623351664,0.005789464608
2023-07-26 00:00:00.000,94.907576711,96.364770891,98.579119779,94.93554925,0.003711322534,95.072930299,0.002872500852
2023-07-25 00:00:00.000,94.054159193,95.880235787,98.238636523,94.584515606,-0.00886614695,94.80061545,-0.001931701128
2023-07-24 00:00:00.000,95.401127396,95.799439116,97.992925964,95.430617484,-0.01672432636,94.984096336,-0.01019068679
2023-07-21 00:00:00.000,98.084330314,96.943607837,99.275001628,96.809350088,-0.004704996576,96.755516244,-0.003702764971
2023-07-17 00:00:00.000,99.445842591,97.450545172,99.819030476,97.927307121,-0.002990642892,97.893813179,-0.008386517901
2023-07-15 00:00:00.000,100.822429013,98.127836556,100.442715657,98.26861235,-0.02409680588,98.863129689,-0.02465477517
2023-07-14 00:00:00.000,100.598188328,98.130828315,100.519936162,100.695041211,0.01165396744,101.362191737,0.03800725327
2023-07-13 00:00:00.000,103.103385329,99.24231655,102.580836798,99.535062829,0.003198921436,97.650754769,0.01439641706
2023-07-12 00:00:00.000,97.305818198,95.80348914,98.44926812,99.217673287,0.003387394084,96.264885331,0.004411336709
2023-07-11 00:00:00.000,97.044076078,96.233096936,98.662324518,98.882718552,0.008096942915,95.842093586,0.0044378312
2023-07-10 00:00:00.000,97.13597978,96.424745313,98.700467457,98.088501554,-0.0005933500738,95.41864176,-0.0002451843255
2023-07-09 00:00:00.000,95.673908736,96.793261055,98.149185957,98.146736927,0.001008747995,95.442042653,0.00367560867
2023-07-08 00:00:00.000,95.698041332,97.356198433,98.173987365,98.047831374,0.001315028722,95.092519763,-0.0003482945542
2023-07-07 00:00:00.000,96.904797766,97.600895586,98.352073199,97.919064991,-0.0104769161,95.125651509,-0.02217413268
2023-07-06 00:00:00.000,95.610971086,97.396848273,97.921301253,98.955816782,-0.003224265421,97.282813524,-0.009450004
2023-07-05 00:00:00.000,98.040627808,98.682807559,99.660061056,99.275908661,-0.01228823926,98.210906988,-0.01565013293
2023-07-04 00:00:00.000,99.561918043,99.718011006,100.45298877,100.511012025,0.005110120254,99.772357647,-0.002276423526
2023-07-03 00:00:00.000,100,100,100.965387411,100,0.009373631904,100,0.02009010169
ï»¿